-- phpMyAdmin SQL Dump
-- version 5.1.2
-- https://www.phpmyadmin.net/
--
-- Host: localhost:3306
-- Generation Time: Nov 22, 2024 at 02:17 PM
-- Server version: 5.7.24
-- PHP Version: 8.0.1

SET SQL_MODE = "NO_AUTO_VALUE_ON_ZERO";
START TRANSACTION;
SET time_zone = "+00:00";


/*!40101 SET @OLD_CHARACTER_SET_CLIENT=@@CHARACTER_SET_CLIENT */;
/*!40101 SET @OLD_CHARACTER_SET_RESULTS=@@CHARACTER_SET_RESULTS */;
/*!40101 SET @OLD_COLLATION_CONNECTION=@@COLLATION_CONNECTION */;
/*!40101 SET NAMES utf8mb4 */;

--
-- Database: `sae_303_accidentologie`
--

-- --------------------------------------------------------

--
-- Table structure for table `sae303_accident`
--

CREATE TABLE `sae303_accident` (
  `Accident_Id` varchar(12) NOT NULL,
  `jour` int(2) DEFAULT NULL,
  `mois` varchar(2) DEFAULT NULL,
  `an` int(4) DEFAULT NULL,
  `hrmn` varchar(5) DEFAULT NULL,
  `lum` varchar(3) DEFAULT NULL,
  `dep` varchar(3) DEFAULT NULL,
  `com_id` varchar(5) DEFAULT NULL,
  `agg` int(1) DEFAULT NULL,
  `int` varchar(3) DEFAULT NULL,
  `atm` varchar(3) DEFAULT NULL,
  `col` varchar(3) DEFAULT NULL,
  `adr` varchar(74) DEFAULT NULL,
  `lat` varchar(15) DEFAULT NULL,
  `long` varchar(16) DEFAULT NULL
) ENGINE=InnoDB DEFAULT CHARSET=utf8;

--
-- Dumping data for table `sae303_accident`
--

INSERT INTO `sae303_accident` (`Accident_Id`, `jour`, `mois`, `an`, `hrmn`, `lum`, `dep`, `com_id`, `agg`, `int`, `atm`, `col`, `adr`, `lat`, `long`) VALUES
('202200000232', 7, '08', 2022, '11:33', '1', '18', '18175', 1, '1', '1', '7', 'Les Soutrins', '46,9210910000', '2,7681900000'),
('202200000490', 25, '03', 2022, '18:45', '1', '18', '18138', 1, '1', '1', '1', 'N/A', '47,1068510000', '2,2853060000'),
('202200000495', 3, '05', 2022, '13:30', '1', '18', '18141', 2, '1', '1', '6', '5 Rue Gilbert Demay', '47,1434910000', '2,2220330000'),
('202200000571', 21, '10', 2022, '10:15', '1', '18', '18087', 2, '1', '7', '6', 'Rue de Boissereau', '46,8860670000', '2,5627860000'),
('202200001326', 8, '08', 2022, '15:28', '1', '18', '18161', 1, '1', '1', '1', 'N/A', '46,8053690000', '2,8237790000'),
('202200001932', 21, '11', 2022, '07:00', '5', '18', '18033', 2, '3', '1', '7', '1 Rue Théophile Lamy', '47,0769500000', '2,3900300000'),
('202200002117', 4, '06', 2022, '11:15', '1', '18', '18023', 1, '1', '1', '6', 'N/A', '47,0605450000', '2,7225660000'),
('202200002239', 3, '06', 2022, '17:50', '1', '18', '18141', 1, '1', '1', '6', 'N/A', '47,1104160000', '2,2045420000'),
('202200002546', 17, '09', 2022, '15:10', '1', '18', '18117', 1, '1', '1', '7', 'N/A', '47,4067760000', '2,6735940000'),
('202200003843', 1, '05', 2022, '18:22', '1', '18', '18033', 2, '1', '7', '6', 'Avenue d\'Orléans', '47,0870000000', '2,3874400000'),
('202200003850', 30, '04', 2022, '17:14', '1', '18', '18033', 2, '6', '1', '3', 'Chaussée de Chappe', '47,0916100000', '2,4220500000'),
('202200005403', 30, '12', 2022, '20:50', '5', '18', '18279', 2, '3', '2', '3', 'Avenue du 8 Mai 1945', '47,2364400000', '2,0874200000'),
('202200005638', 21, '03', 2022, '15:35', '1', '18', '18245', 1, '1', '1', '2', 'N/A', '46,6180650000', '2,5058910000'),
('202200005690', 28, '12', 2022, '15:30', '1', '18', '18033', 2, '1', '1', '6', '28 Avenue Jean Jaurés', '47,0883850000', '2,3931120000'),
('202200005876', 1, '05', 2022, '16:00', '1', '18', '18082', 1, '1', '1', '2', 'N/A', '46,9855520000', '3,0460670000'),
('202200005913', 30, '12', 2022, '11:44', '1', '18', '18108', 2, '1', '2', '3', '25 Rue Gambetta', '46,9533130000', '2,9510360000'),
('202200006204', 13, '10', 2022, '07:35', '2', '18', '18216', 1, '1', '1', '7', 'N/A', '46,7619730000', '2,1258970000'),
('202200006964', 21, '11', 2022, '13:25', '1', '18', '18279', 2, '3', '3', '3', '1 Rue de Wittelsheim', '47,2229500000', '2,0719600000'),
('202200006988', 19, '05', 2022, '10:08', '1', '18', '18033', 2, '6', '1', '3', '98 Avenue François Mitterrand', '47,0836100000', '2,4357200000'),
('202200007347', 28, '04', 2022, '18:55', '1', '18', '18213', 2, '4', '1', '7', '7ter Rue Raoul Néron', '47,0930730000', '2,4889800000'),
('202200007683', 1, '06', 2022, '19:00', '1', '18', '18212', 1, '1', '1', '5', 'N/A', '46,8603080000', '2,4282790000'),
('202200007964', 15, '10', 2022, '15:50', '1', '18', '18279', 2, '1', '2', '1', 'Rue du 11 Novembre 1918', '47,2222400000', '2,0617560000'),
('202200007966', 15, '10', 2022, '02:00', '3', '18', '18267', 1, '1', '2', '6', 'N/A', '47,0295900000', '2,3401700000'),
('202200008078', 9, '09', 2022, '17:30', '1', '18', '18153', 1, '1', '1', '1', 'N/A', '46,6997240000', '2,2996370000'),
('202200008100', 25, '08', 2022, '16:40', '1', '18', '18172', 1, '1', '1', '3', 'N/A', '46,7203870000', '2,4522260000'),
('202200008396', 1, '07', 2022, '20:30', '1', '18', '18142', 1, '1', '1', '7', 'N/A', '46,7723240000', '2,5112770000'),
('202200008492', 7, '02', 2022, '13:55', '1', '18', '18033', 1, '1', '1', '3', 'N/A', '47,0796570000', '2,4690110000'),
('202200008681', 4, '08', 2022, '09:30', '1', '18', '18159', 1, '1', '1', '6', 'N/A', '47,3712250000', '2,1556320000'),
('202200009568', 1, '06', 2022, '06:35', '1', '18', '18008', 1, '1', '1', '3', 'N/A', '46,9694690000', '2,3216560000'),
('202200009727', 8, '04', 2022, '15:30', '1', '18', '18033', 2, '1', '1', '6', '25 Boulevard de la République', '47,0886000000', '2,3962300000'),
('202200009838', 11, '09', 2022, '19:05', '1', '18', '18245', 1, '1', '1', '3', 'Le Petit Bord', '46,6183250000', '2,4931990000'),
('202200009927', 11, '09', 2022, '19:40', '2', '18', '18033', 2, '1', '1', '3', '22 Rue Gustave Eiffel', '47,1060200000', '2,4086100000'),
('202200010289', 8, '02', 2022, '09:10', '1', '18', '18033', 2, '2', '7', '3', 'Rue des Frères Michelin', '47,1106200000', '2,4144900000'),
('202200010513', 30, '06', 2022, '07:20', '1', '18', '18179', 1, '1', '2', '1', 'N/A', '47,1667960000', '2,4472110000'),
('202200011544', 28, '04', 2022, '18:30', '1', '18', '18121', 1, '2', '1', '3', 'N/A', '46,9206660000', '2,6535840000'),
('202200011545', 28, '04', 2022, '22:20', '3', '18', '18130', 1, '1', '1', '6', 'N/A', '46,6529860000', '2,3770700000'),
('202200012111', 7, '02', 2022, '11:00', '1', '18', '18197', 2, '3', '1', '6', 'Rue des Victoires', '46,7228620000', '2,5049040000'),
('202200012537', 19, '11', 2022, '18:35', '3', '18', '18245', 1, '1', '1', '6', 'N/A', '46,5861050000', '2,4727930000'),
('202200012575', 7, '10', 2022, '16:30', '1', '18', '18133', 1, '2', '1', '3', 'N/A', '46,9471420000', '2,2784190000'),
('202200013231', 17, '03', 2022, '02:20', '3', '18', '18253', 1, '1', '1', '6', 'N/A', '47,1760310000', '2,5393310000'),
('202200013645', 6, '02', 2022, '11:30', '1', '18', '18234', 1, '1', '1', '7', '348 Lieu Dit Bombardon', '46,5116810000', '2,2632300000'),
('202200013856', 5, '02', 2022, '17:45', '1', '18', '18279', 2, '1', '1', '7', 'Avenue du 8 Mai 1945', '47,2308910000', '2,0803490000'),
('202200013937', 5, '02', 2022, '03:10', '5', '18', '18197', 2, '1', '5', '6', 'Rue du 14 Juillet', '46,7262310000', '2,5005050000'),
('202200014065', 23, '04', 2022, '04:45', '3', '18', '18205', 1, '6', '1', '7', 'N/A', '47,1245400000', '2,3498500000'),
('202200014147', 28, '06', 2022, '23:20', '5', '18', '18205', 2, '1', '1', '6', 'Route d\'Orléans', '47,1176000000', '2,3749100000'),
('202200014573', 18, '11', 2022, '12:05', '1', '18', '18259', 1, '1', '8', '1', 'N/A', '47,4802300000', '2,7142780000'),
('202200014984', 24, '12', 2022, '05:20', '3', '18', '18065', 1, '9', '2', ' -1', 'Le Nouzet', '46,8389050000', '2,1060970000'),
('202200015486', 22, '12', 2022, '22:30', '3', '18', '18198', 1, '1', '2', ' -1', 'N/A', '46,9257810000', '2,1664070000'),
('202200015792', 25, '04', 2022, '17:15', '1', '18', '18028', 1, '1', '1', '6', 'N/A', '47,1082270000', '2,2986420000'),
('202200016646', 29, '05', 2022, '06:00', '1', '18', '18209', 1, '1', '1', '7', 'N/A', '46,6910470000', '2,4727710000'),
('202200016650', 28, '05', 2022, '16:00', '1', '18', '18097', 1, '6', '1', '2', 'N/A', '47,1248560000', '2,4235800000'),
('202200016828', 10, '01', 2022, '12:28', '1', '18', '18033', 2, '9', '1', '2', 'Rue de Turly', '47,1026400000', '2,4278000000'),
('202200017290', 3, '09', 2022, '17:40', '1', '18', '18279', 2, '3', '1', '1', '12 Rue du Sergent Bobillot', '47,2289600000', '2,0479800000'),
('202200017403', 13, '03', 2022, '00:22', '3', '18', '18033', 2, '3', '1', '3', 'Route de la Charité', '47,0950600000', '2,4233900000'),
('202200017515', 12, '03', 2022, '15:13', '1', '18', '18020', 1, '2', '2', '3', 'N/A', '47,3953190000', '2,8559170000'),
('202200017584', 18, '12', 2022, '22:10', '5', '18', '18033', 2, '1', '1', '6', '35 Avenue Pierre Bérégovoy', '47,0837080000', '2,4219250000'),
('202200017789', 24, '04', 2022, '18:45', '1', '18', '18121', 1, '2', '1', '3', 'N/A', '46,9207390000', '2,6535150000'),
('202200018572', 3, '05', 2022, '17:00', '1', '18', '18033', 2, '1', '1', '6', '8 Rue Aristide Maillol', '47,0576320000', '2,4051230000'),
('202200018875', 27, '07', 2022, '12:50', '1', '18', '18127', 1, '1', '1', '6', 'Chatoulle', '46,7548760000', '2,1606050000'),
('202200018886', 15, '07', 2022, '18:00', '1', '18', '18138', 1, '1', '1', '6', 'N/A', '47,0662820000', '2,2909070000'),
('202200019539', 5, '09', 2022, '16:22', '1', '18', '18279', 2, '1', '1', '7', '25 Avenue Henri Brisson', '47,2287050000', '2,0612020000'),
('202200019630', 25, '06', 2022, '23:50', '3', '18', '18184', 1, '1', '1', '6', '28 Route de Marseilles', '47,0806730000', '2,9429730000'),
('202200020648', 26, '05', 2022, '00:15', '3', '18', '18289', 1, '1', '1', '6', 'N/A', '46,9536460000', '2,5657800000'),
('202200020650', 25, '05', 2022, '10:40', '1', '18', '18197', 2, '6', '1', '6', 'Rue de Juranville', '46,7250580000', '2,5064170000'),
('202200020858', 22, '12', 2022, '17:20', '3', '18', '18087', 1, '1', '2', '3', 'N/A', '46,9157630000', '2,5596160000'),
('202200020859', 17, '12', 2022, '14:25', '1', '18', '18197', 2, '1', '1', '6', '29 Rue Nationale', '46,7236860000', '2,5056340000'),
('202200020860', 4, '12', 2022, '15:30', '1', '18', '18025', 2, '1', '3', '7', 'Route du Fort', '47,0885010000', '3,0052440000'),
('202200020962', 25, '05', 2022, '22:29', '3', '18', '18279', 1, '1', '1', '2', 'N/A', '47,2626550000', '2,0598830000'),
('202200021572', 24, '06', 2022, '16:00', '1', '18', '18176', 2, '1', '8', '6', 'N/A', '47,2217830000', '2,5371340000'),
('202200021787', 23, '06', 2022, '21:49', '2', '18', '18033', 2, '2', '2', '4', 'Boulevard de l\'Avenir', '47,0807700000', '2,3829500000'),
('202200021790', 20, '06', 2022, '08:33', '1', '18', '18033', 2, '1', '1', '1', '45 Rue Jean Baffier', '47,0768000000', '2,4039900000'),
('202200021820', 20, '04', 2022, '12:15', '1', '18', '18196', 2, '1', '1', '5', 'N/A', '46,7631650000', '2,8194870000'),
('202200021822', 20, '04', 2022, '12:05', '1', '18', '18139', 2, '1', '1', '6', 'Rue de la Loire', '47,0628500000', '3,0183490000'),
('202200022170', 11, '11', 2022, '18:37', '2', '18', '18213', 1, '6', '1', '7', 'N/A', '47,0972500000', '2,4556000000'),
('202200022433', 29, '01', 2022, '18:30', '5', '18', '18063', 1, '2', '1', '5', 'Coudron', '46,8619920000', '2,4191970000'),
('202200022437', 30, '01', 2022, '00:15', '5', '18', '18087', 2, '2', '1', '3', 'Place Berthe Fievet', '46,8860340000', '2,5756720000'),
('202200023023', 12, '12', 2022, '18:25', '5', '18', '18087', 2, '1', '1', '5', '27 Route de Bourges', '46,8887910000', '2,5684030000'),
('202200023122', 9, '03', 2022, '19:50', '3', '18', '18141', 1, '1', '1', '6', 'N/A', '47,1402420000', '2,2504380000'),
('202200023375', 29, '08', 2022, '19:20', '1', '18', '18033', 2, '2', '1', '3', 'Rue du General Challe', '47,0939300000', '2,4012600000'),
('202200023454', 24, '03', 2022, '11:50', '1', '18', '18033', 1, '1', '1', '4', 'N/A', '47,0459250000', '2,4206980000'),
('202200023582', 19, '04', 2022, '18:39', '1', '18', '18140', 1, '1', '1', '2', 'N/A', '47,1662850000', '1,9926670000'),
('202200023589', 18, '04', 2022, '18:11', '1', '18', '18207', 2, '1', '1', '2', '3 Avenue Gabriel Dordain', '46,9924020000', '2,2451590000'),
('202200024198', 28, '01', 2022, '19:25', '3', '18', '18011', 1, '1', '2', '1', 'N/A', '47,5704890000', '2,4651860000'),
('202200024199', 28, '01', 2022, '21:30', '3', '18', '18048', 1, '1', '8', '6', 'N/A', '46,8940290000', '2,9480270000'),
('202200024603', 24, '07', 2022, '03:00', '3', '18', '18026', 1, '1', '1', '6', 'N/A', '47,5019060000', '2,8616430000'),
('202200024675', 24, '07', 2022, '11:50', '1', '18', '18108', 1, '1', '1', '1', 'N/A', '46,9582170000', '2,9207190000'),
('202200025005', 2, '03', 2022, '16:30', '1', '18', '18013', 1, '1', '1', '6', 'N/A', '46,7999480000', '2,5266140000'),
('202200025352', 1, '09', 2022, '08:47', '1', '18', '18026', 2, '1', '1', '3', '6 Rue de Berry', '47,5061170000', '2,8494230000'),
('202200025410', 17, '04', 2022, '16:10', '1', '18', '18138', 1, '1', '1', '6', 'Aire de Bourges-Sainte-Thorette', '47,0953120000', '2,2430670000'),
('202200025713', 16, '04', 2022, '21:10', '3', '18', '18063', 1, '1', '1', '2', 'N/A', '46,8642400000', '2,4188480000'),
('202200026914', 5, '03', 2022, '20:20', '5', '18', '18033', 2, '2', '1', '3', 'Av du Mal de Lattre de Tassigny', '47,1000900000', '2,4156400000'),
('202200027055', 1, '09', 2022, '15:20', '1', '18', '18008', 1, '1', '1', '3', 'N/A', '46,9730490000', '2,3524050000'),
('202200027383', 14, '04', 2022, '17:00', '1', '18', '18033', 1, '1', '1', '7', 'N/A', '47,0589200000', '2,4298900000'),
('202200028287', 4, '10', 2022, '11:55', '1', '18', '18197', 2, '3', '1', '3', 'Avenue Jean Giraudoux', '46,7301300000', '2,4996790000'),
('202200028444', 22, '07', 2022, '00:05', '5', '18', '18033', 2, '2', '1', '3', '14 Avenue Jean Jaurés', '47,0877500000', '2,3929400000'),
('202200028912', 2, '03', 2022, '20:47', '5', '18', '18205', 2, '3', '2', '3', '38 Avenue Henri Debord', '47,0982010000', '2,3690270000'),
('202200029370', 25, '01', 2022, '14:35', '1', '18', '18225', 2, '1', '7', '3', 'Le Mas', '46,5557540000', '2,2705680000'),
('202200029457', 15, '04', 2022, '02:00', '5', '18', '18141', 2, '4', '1', '1', '08 Rue Gilbert Demay', '47,1445400000', '2,2209950000'),
('202200029804', 7, '11', 2022, '21:35', '5', '18', '18279', 2, '3', '1', '6', '7 Rue de Wittelsheim', '47,2242290000', '2,0724030000'),
('202200030011', 21, '05', 2022, '16:25', '1', '18', '18267', 1, '1', '1', '2', 'N/A', '47,0329720000', '2,3724680000'),
('202200030120', 20, '05', 2022, '04:15', '3', '18', '18279', 1, '1', '8', '3', 'N/A', '47,2383650000', '2,0388540000'),
('202200031060', 27, '08', 2022, '22:30', '1', '18', '18129', 1, '1', '1', '2', 'N/A', '46,9771490000', '2,3525330000'),
('202200031509', 18, '06', 2022, '21:00', '1', '18', '18054', 1, '1', '1', '1', 'N/A', '46,8834640000', '2,7668170000'),
('202200031554', 18, '06', 2022, '14:20', '1', '18', '18207', 2, '3', '1', '3', 'avenue du Gal Leclerc', '47,0000050000', '2,2605440000'),
('202200031650', 9, '04', 2022, '17:32', '1', '18', '18069', 1, '1', '1', '7', 'La Tranchasse', '46,6847240000', '2,5419520000'),
('202200031925', 19, '05', 2022, '17:45', '1', '18', '18258', 1, '1', '1', '6', 'Saint Louis', '47,3733750000', '2,7869550000'),
('202200032837', 28, '08', 2022, '00:00', '5', '18', '18223', 2, '4', '1', '3', 'La Rose', '47,1937300000', '2,3770920000'),
('202200033122', 12, '04', 2022, '16:15', '1', '18', '18242', 2, '3', '1', '3', '78 Rue Fernand Duruisseau', '46,8332310000', '2,9167410000'),
('202200033511', 10, '04', 2022, '19:00', '1', '18', '18285', 1, '1', '1', '6', 'N/A', '47,0136130000', '2,2244420000'),
('202200033598', 9, '04', 2022, '21:35', '5', '18', '18279', 2, '2', '1', '3', '3 Rue Gourdon', '47,2242830000', '2,0679670000'),
('202200034075', 2, '10', 2022, '18:30', '2', '18', '18023', 1, '1', '2', '6', 'N/A', '47,0253220000', '2,7944510000'),
('202200034656', 1, '03', 2022, '15:40', '1', '18', '18209', 1, '3', '1', '4', 'N/A', '46,6847050000', '2,4647070000'),
('202200034725', 26, '08', 2022, '19:10', '1', '18', '18266', 1, '1', '1', '6', 'N/A', '46,6992150000', '2,2014230000'),
('202200034965', 19, '01', 2022, '16:37', '2', '18', '18110', 1, '2', '8', '3', 'Champalay', '47,2494310000', '2,9146520000'),
('202200035912', 30, '09', 2022, '18:40', '2', '18', '18281', 1, '1', '8', '7', 'N/A', '47,2067420000', '2,1542000000'),
('202200036882', 16, '06', 2022, '21:15', '1', '18', '18045', 1, '1', '1', '6', 'N/A', '46,8577550000', '2,7031520000'),
('202200038045', 28, '09', 2022, '14:12', '1', '18', '18031', 1, '4', '8', '3', 'Route de Chaumont', '46,8753600000', '2,7425800000'),
('202200038091', 15, '01', 2022, '15:05', '1', '18', '18103', 2, '9', '1', '6', 'Ruelle des Grands Moulins', '47,1438180000', '1,8478340000'),
('202200038191', 12, '01', 2022, '16:45', '1', '18', '18255', 1, '6', '1', '3', 'ZAC du Bois des Chagnières', '47,0489100000', '2,3303700000'),
('202200038561', 26, '02', 2022, '15:35', '1', '18', '18197', 2, '1', '1', '6', 'Avenue du Général-de-Gaulle', '46,7353830000', '2,4897770000'),
('202200039368', 23, '03', 2022, '13:30', '1', '18', '18279', 1, '1', '1', '2', 'N/A', '47,2600680000', '2,0452590000'),
('202200039492', 31, '10', 2022, '16:00', '1', '18', '18279', 2, '2', '8', '6', '24 Avenue de Verdun', '47,2251400000', '2,0731200000'),
('202200039534', 5, '04', 2022, '21:00', '5', '18', '18279', 2, '2', '2', '3', '48 Rue des Ponts', '47,2191400000', '2,0666000000'),
('202200040553', 13, '07', 2022, '20:15', '2', '18', '18028', 1, '1', '7', '1', 'L’Ermitage', '47,1042660000', '2,3138770000'),
('202200041395', 31, '10', 2022, '15:30', '1', '18', '18289', 2, '1', '1', ' -1', 'Route d\'Osmery', '46,9721340000', '2,5884430000'),
('202200041396', 30, '10', 2022, '17:00', '2', '18', '18216', 1, '1', '1', '7', 'N/A', '46,7497420000', '2,1566250000'),
('202200041788', 6, '01', 2022, '12:00', '1', '18', '18255', 1, '1', '5', '1', 'Rue de Suède', '47,0471250000', '2,3303800000'),
('202200041855', 13, '01', 2022, '12:15', '1', '18', '18043', 1, '1', '1', '6', 'La Folie', '46,7912820000', '2,1426670000'),
('202200041994', 25, '09', 2022, '12:00', '1', '18', '18035', 1, '9', '1', '3', 'N/A', '47,1460300000', '2,6737040000'),
('202200042236', 2, '12', 2022, '18:25', '5', '18', '18033', 2, '1', '9', '2', '36 Chaussée de Chappe', '47,0930400000', '2,4223400000'),
('202200042524', 14, '06', 2022, '11:20', '1', '18', '18197', 2, '2', '1', '3', 'Avenue du 1er Régiment d Infanterie', '46,7274000000', '2,5120710000'),
('202200043091', 1, '04', 2022, '07:30', '2', '18', '18279', 1, '1', '1', '6', 'N/A', '47,2360920000', '2,0372450000'),
('202200043314', 2, '04', 2022, '23:15', '5', '18', '18148', 2, '1', '1', '6', 'Avenue de Chateauroux', '47,2070810000', '2,0431780000'),
('202200043330', 3, '04', 2022, '16:30', '1', '18', '18167', 1, '1', '1', '6', 'N/A', '47,1250950000', '1,9304530000'),
('202200044210', 4, '12', 2022, '18:50', '3', '18', '18216', 1, '1', '3', '1', 'N/A', '46,7334400000', '2,1782610000'),
('202200044211', 4, '12', 2022, '05:10', '3', '18', '18059', 1, '1', '1', '7', 'N/A', '46,6092380000', '2,2962710000'),
('202200044213', 27, '10', 2022, '00:30', '3', '18', '18223', 1, '1', '5', ' -1', 'N/A', '47,1980410000', '2,3882270000'),
('202200044491', 14, '08', 2022, '21:25', '2', '18', '18279', 2, '4', '1', '1', '62 Rue du Bas de Grange', '47,2253000000', '2,0488000000'),
('202200044795', 19, '08', 2022, '19:30', '1', '18', '18115', 1, '1', '8', '6', 'N/A', '47,3286960000', '2,5062820000'),
('202200044838', 1, '04', 2022, '05:10', '5', '18', '18033', 2, '2', '1', '3', 'Rue du Général Challe', '47,0939200000', '2,4013000000'),
('202200044870', 25, '10', 2022, '12:04', '1', '18', '18273', 1, '1', '1', '3', 'N/A', '46,8414110000', '2,2911540000'),
('202200044960', 12, '06', 2022, '17:30', '1', '18', '18170', 2, '1', '1', '1', 'Rue des Stuarts', '47,4745850000', '2,5079620000'),
('202200044966', 12, '06', 2022, '17:55', '1', '18', '18102', 1, '1', '1', '3', 'Rue Alfred Clément', '46,8403270000', '2,8168760000'),
('202200045398', 13, '05', 2022, '10:30', '1', '18', '18207', 2, '1', '1', '7', '25 Avenue Gabriel Dordain', '46,9939020000', '2,2485360000'),
('202200045600', 7, '01', 2022, '10:45', '1', '18', '18038', 2, '2', '1', '6', 'N/A', '46,7694930000', '2,4330770000'),
('202200045963', 3, '12', 2022, '10:40', '1', '18', '18023', 2, '1', '2', ' -1', 'N/A', '47,0472670000', '2,7631340000'),
('202200046291', 16, '02', 2022, '01:20', '5', '18', '18197', 2, '1', '1', '6', '2 Avenue de la République', '46,7250840000', '2,5065620000'),
('202200046894', 26, '10', 2022, '17:40', '2', '18', '18279', 2, '9', '1', ' -1', 'Rue de la Société Française', '47,2257450000', '2,0578060000'),
('202200047106', 26, '10', 2022, '17:50', '1', '18', '18279', 2, '3', '1', '3', 'Avenue de Chaillot', '47,1988400000', '2,0862900000'),
('202200047304', 8, '05', 2022, '19:00', '1', '18', '18153', 1, '1', '1', '2', 'N/A', '46,7414010000', '2,3271170000'),
('202200049021', 26, '10', 2022, '11:53', '1', '18', '18142', 1, '1', '1', ' -1', 'N/A', '46,7426320000', '2,5070710000'),
('202200049213', 10, '05', 2022, '18:00', '1', '18', '18253', 1, '1', '1', '1', '1 Le Job Blanc', '47,1742170000', '2,5375520000'),
('202200049278', 29, '03', 2022, '10:05', '1', '18', '18100', 1, '2', '1', '3', 'N/A', '47,1943090000', '1,8506330000'),
('202200049509', 7, '01', 2022, '18:15', '3', '18', '18011', 1, '1', '2', '1', 'N/A', '47,5733450000', '2,4004590000'),
('202200049608', 20, '09', 2022, '18:00', '1', '18', '18279', 1, '1', '1', '2', 'N/A', '47,2132160000', '2,1291400000'),
('202200050065', 21, '09', 2022, '08:10', '1', '18', '18233', 2, '2', '1', '3', '1 rue du commerce', '47,3387020000', '2,8581090000'),
('202200050097', 30, '08', 2022, '10:35', '1', '18', '18033', 2, '1', '3', '6', 'Avenue Pierre Semard', '47,0937200000', '2,4010000000'),
('202200050231', 21, '09', 2022, '16:00', '1', '18', '18138', 1, '1', '1', '2', 'N/A', '47,0670530000', '2,2893190000'),
('202200050686', 8, '06', 2022, '07:00', '1', '18', '18033', 2, '1', '3', '7', 'Boulevard d\'Auron', '47,0807200000', '2,3894600000'),
('202200051098', 23, '10', 2022, '20:25', '5', '18', '18279', 2, '1', '1', '2', '84 Rue des Ponts', '47,2184000000', '2,0662000000'),
('202200051102', 12, '10', 2022, '16:03', '1', '18', '18205', 2, '1', '1', ' -1', '103 Route d\'Orléans', '47,1032103528', '2,3800238370'),
('202200051442', 5, '01', 2022, '09:35', '1', '18', '18279', 2, '1', '1', ' -1', 'Rue Blanqui', '47,2263400000', '2,0492300000'),
('202200052019', 8, '06', 2022, '18:15', '1', '18', '18224', 2, '1', '1', '6', '5 Route de la Charite', '47,1555540000', '2,9214780000'),
('202200052061', 22, '10', 2022, '14:50', '1', '18', '18118', 1, '1', '1', '7', 'Route du Poids de Fer', '47,0539460000', '3,0063050000'),
('202200052257', 6, '05', 2022, '12:10', '1', '18', '18267', 2, '3', '1', '3', 'Allée Sainte Helene', '47,0521400000', '2,3767100000'),
('202200052422', 11, '07', 2022, '07:35', '2', '18', '18263', 1, '1', '1', '1', 'N/A', '47,2479690000', '1,8977970000'),
('202200052966', 22, '10', 2022, '14:30', '1', '18', '18279', 2, '9', '1', '3', 'Chemin de l’Ardillat', '47,2366000000', '2,0924000000'),
('202200053301', 23, '10', 2022, '13:20', '1', '18', '18036', 1, '1', '1', '7', 'Village du Buisson Long', '47,1555500000', '2,1531700000'),
('202200053709', 15, '02', 2022, '16:55', '1', '18', '18142', 1, '1', '1', '6', 'N/A', '46,7418310000', '2,5062130000'),
('202200054190', 19, '09', 2022, '15:40', '1', '18', '18126', 1, '1', '1', '6', 'N/A', '46,9388980000', '2,4196050000'),
('202200054298', 26, '03', 2022, '21:30', '5', '18', '18242', 2, '2', '1', '3', '5 Rue de l\'Hotel de Ville', '46,8307690000', '2,9183020000'),
('202200054571', 13, '02', 2022, '19:10', '3', '18', '18266', 1, '1', '1', '1', 'Les Berrys', '46,6826340000', '2,2109450000'),
('202200055242', 7, '05', 2022, '00:50', '3', '18', '18030', 1, '1', '1', '6', 'La Sablonniere', '47,5229780000', '2,5470200000'),
('202200055292', 1, '01', 2022, '03:50', '5', '18', '18190', 2, '1', '1', '6', '7 Route de Vierzon', '47,1352500000', '2,1552140000');

-- --------------------------------------------------------

--
-- Table structure for table `sae303_commune`
--

CREATE TABLE `sae303_commune` (
  `com_id` varchar(5) NOT NULL,
  `TYPECOM` varchar(4) DEFAULT NULL,
  `REG` varchar(2) DEFAULT NULL,
  `DEP` varchar(3) DEFAULT NULL,
  `CTCD` varchar(4) DEFAULT NULL,
  `ARR` varchar(4) DEFAULT NULL,
  `TNCC` int(1) DEFAULT NULL,
  `NCC` varchar(45) DEFAULT NULL,
  `NCCENR` varchar(45) DEFAULT NULL,
  `LIBELLE` varchar(45) DEFAULT NULL,
  `CAN` varchar(5) DEFAULT NULL,
  `COMPARENT` varchar(5) DEFAULT NULL
) ENGINE=InnoDB DEFAULT CHARSET=utf8;

--
-- Dumping data for table `sae303_commune`
--

INSERT INTO `sae303_commune` (`com_id`, `TYPECOM`, `REG`, `DEP`, `CTCD`, `ARR`, `TNCC`, `NCC`, `NCCENR`, `LIBELLE`, `CAN`, `COMPARENT`) VALUES
('18001', 'COM', '24', '18', '18D', '181', 1, 'ACHERES', 'Achères', 'Achères', '1815', ''),
('18002', 'COM', '24', '18', '18D', '182', 1, 'AINAY LE VIEIL', 'Ainay-le-Vieil', 'Ainay-le-Vieil', '1808', ''),
('18003', 'COM', '24', '18', '18D', '181', 4, 'AIX D ANGILLON', 'Aix-d\'Angillon', 'Les Aix-d\'Angillon', '1814', ''),
('18004', 'COM', '24', '18', '18D', '181', 1, 'ALLOGNY', 'Allogny', 'Allogny', '1815', ''),
('18005', 'COM', '24', '18', '18D', '183', 1, 'ALLOUIS', 'Allouis', 'Allouis', '1811', ''),
('18006', 'COM', '24', '18', '18D', '181', 1, 'ANNOIX', 'Annoix', 'Annoix', '1817', ''),
('18007', 'COM', '24', '18', '18D', '182', 1, 'APREMONT SUR ALLIER', 'Apremont-sur-Allier', 'Apremont-sur-Allier', '1810', ''),
('18008', 'COM', '24', '18', '18D', '181', 1, 'ARCAY', 'Arçay', 'Arçay', '1817', ''),
('18009', 'COM', '24', '18', '18D', '182', 1, 'ARCOMPS', 'Arcomps', 'Arcomps', '1808', ''),
('18010', 'COM', '24', '18', '18D', '182', 1, 'ARDENAIS', 'Ardenais', 'Ardenais', '1808', ''),
('18011', 'COM', '24', '18', '18D', '183', 1, 'ARGENT SUR SAULDRE', 'Argent-sur-Sauldre', 'Argent-sur-Sauldre', '1801', ''),
('18012', 'COM', '24', '18', '18D', '181', 1, 'ARGENVIERES', 'Argenvières', 'Argenvières', '1802', ''),
('18013', 'COM', '24', '18', '18D', '182', 1, 'ARPHEUILLES', 'Arpheuilles', 'Arpheuilles', '1809', ''),
('18014', 'COM', '24', '18', '18D', '181', 1, 'ASSIGNY', 'Assigny', 'Assigny', '1816', ''),
('18015', 'COM', '24', '18', '18D', '183', 1, 'AUBIGNY SUR NERE', 'Aubigny-sur-Nère', 'Aubigny-sur-Nère', '1801', ''),
('18016', 'COM', '24', '18', '18D', '181', 1, 'AUBINGES', 'Aubinges', 'Aubinges', '1814', ''),
('18017', 'COM', '24', '18', '18D', '182', 1, 'AUGY SUR AUBOIS', 'Augy-sur-Aubois', 'Augy-sur-Aubois', '1809', ''),
('18018', 'COM', '24', '18', '18D', '181', 1, 'AVORD', 'Avord', 'Avord', '1802', ''),
('18019', 'COM', '24', '18', '18D', '181', 1, 'AZY', 'Azy', 'Azy', '1814', ''),
('18020', 'COM', '24', '18', '18D', '181', 0, 'BANNAY', 'Bannay', 'Bannay', '1816', ''),
('18021', 'COM', '24', '18', '18D', '182', 0, 'BANNEGON', 'Bannegon', 'Bannegon', '1809', ''),
('18022', 'COM', '24', '18', '18D', '181', 0, 'BARLIEU', 'Barlieu', 'Barlieu', '1816', ''),
('18023', 'COM', '24', '18', '18D', '181', 0, 'BAUGY', 'Baugy', 'Baugy', '1802', ''),
('18024', 'COM', '24', '18', '18D', '182', 0, 'BEDDES', 'Beddes', 'Beddes', '1808', ''),
('18025', 'COM', '24', '18', '18D', '181', 0, 'BEFFES', 'Beffes', 'Beffes', '1802', ''),
('18026', 'COM', '24', '18', '18D', '181', 0, 'BELLEVILLE SUR LOIRE', 'Belleville-sur-Loire', 'Belleville-sur-Loire', '1816', ''),
('18027', 'COM', '24', '18', '18D', '181', 0, 'BENGY SUR CRAON', 'Bengy-sur-Craon', 'Bengy-sur-Craon', '1802', ''),
('18028', 'COM', '24', '18', '18D', '183', 0, 'BERRY BOUY', 'Berry-Bouy', 'Berry-Bouy', '1811', ''),
('18029', 'COM', '24', '18', '18D', '182', 0, 'BESSAIS LE FROMENTAL', 'Bessais-le-Fromental', 'Bessais-le-Fromental', '1809', ''),
('18030', 'COM', '24', '18', '18D', '183', 0, 'BLANCAFORT', 'Blancafort', 'Blancafort', '1801', ''),
('18031', 'COM', '24', '18', '18D', '182', 0, 'BLET', 'Blet', 'Blet', '1810', ''),
('18032', 'COM', '24', '18', '18D', '181', 0, 'BOULLERET', 'Boulleret', 'Boulleret', '1816', ''),
('18033', 'COM', '24', '18', '18D', '181', 0, 'BOURGES', 'Bourges', 'Bourges', '1898', ''),
('18034', 'COM', '24', '18', '18D', '182', 0, 'BOUZAIS', 'Bouzais', 'Bouzais', '1812', ''),
('18035', 'COM', '24', '18', '18D', '181', 0, 'BRECY', 'Brécy', 'Brécy', '1814', ''),
('18036', 'COM', '24', '18', '18D', '183', 0, 'BRINAY', 'Brinay', 'Brinay', '1811', ''),
('18037', 'COM', '24', '18', '18D', '183', 0, 'BRINON SUR SAULDRE', 'Brinon-sur-Sauldre', 'Brinon-sur-Sauldre', '1801', ''),
('18038', 'COM', '24', '18', '18D', '182', 0, 'BRUERE ALLICHAMPS', 'Bruère-Allichamps', 'Bruère-Allichamps', '1812', ''),
('18039', 'COM', '24', '18', '18D', '181', 0, 'BUE', 'Bué', 'Bué', '1816', ''),
('18040', 'COM', '24', '18', '18D', '182', 0, 'BUSSY', 'Bussy', 'Bussy', '1809', ''),
('18041', 'COM', '24', '18', '18D', '182', 3, 'CELETTE', 'Celette', 'La Celette', '1808', ''),
('18042', 'COM', '24', '18', '18D', '182', 3, 'CELLE', 'Celle', 'La Celle', '1812', ''),
('18043', 'COM', '24', '18', '18D', '182', 3, 'CELLE CONDE', 'Celle-Condé', 'La Celle-Condé', '1808', ''),
('18044', 'COM', '24', '18', '18D', '183', 0, 'CERBOIS', 'Cerbois', 'Cerbois', '1811', ''),
('18045', 'COM', '24', '18', '18D', '182', 0, 'CHALIVOY MILON', 'Chalivoy-Milon', 'Chalivoy-Milon', '1809', ''),
('18046', 'COM', '24', '18', '18D', '182', 0, 'CHAMBON', 'Chambon', 'Chambon', '1817', ''),
('18047', 'COM', '24', '18', '18D', '183', 3, 'CHAPELLE D ANGILLON', 'Chapelle-d\'Angillon', 'La Chapelle-d\'Angillon', '1801', ''),
('18048', 'COM', '24', '18', '18D', '182', 3, 'CHAPELLE HUGON', 'Chapelle-Hugon', 'La Chapelle-Hugon', '1810', ''),
('18049', 'COM', '24', '18', '18D', '181', 3, 'CHAPELLE MONTLINARD', 'Chapelle-Montlinard', 'La Chapelle-Montlinard', '1802', ''),
('18050', 'COM', '24', '18', '18D', '181', 3, 'CHAPELLE SAINT URSIN', 'Chapelle-Saint-Ursin', 'La Chapelle-Saint-Ursin', '1813', ''),
('18051', 'COM', '24', '18', '18D', '181', 3, 'CHAPELOTTE', 'Chapelotte', 'La Chapelotte', '1814', ''),
('18052', 'COM', '24', '18', '18D', '182', 0, 'CHARENTON DU CHER', 'Charenton-du-Cher', 'Charenton-du-Cher', '1809', ''),
('18053', 'COM', '24', '18', '18D', '181', 0, 'CHARENTONNAY', 'Charentonnay', 'Charentonnay', '1802', ''),
('18054', 'COM', '24', '18', '18D', '182', 0, 'CHARLY', 'Charly', 'Charly', '1810', ''),
('18055', 'COM', '24', '18', '18D', '181', 0, 'CHAROST', 'Chârost', 'Chârost', '1807', ''),
('18056', 'COM', '24', '18', '18D', '181', 0, 'CHASSY', 'Chassy', 'Chassy', '1802', ''),
('18057', 'COM', '24', '18', '18D', '182', 0, 'CHATEAUMEILLANT', 'Châteaumeillant', 'Châteaumeillant', '1808', ''),
('18058', 'COM', '24', '18', '18D', '182', 0, 'CHATEAUNEUF SUR CHER', 'Châteauneuf-sur-Cher', 'Châteauneuf-sur-Cher', '1817', ''),
('18059', 'COM', '24', '18', '18D', '182', 2, 'CHATELET', 'Châtelet', 'Le Châtelet', '1808', ''),
('18060', 'COM', '24', '18', '18D', '182', 0, 'CHAUMONT', 'Chaumont', 'Chaumont', '1809', ''),
('18061', 'COM', '24', '18', '18D', '181', 0, 'CHAUMOUX MARCILLY', 'Chaumoux-Marcilly', 'Chaumoux-Marcilly', '1802', ''),
('18062', 'COM', '24', '18', '18D', '182', 2, 'CHAUTAY', 'Chautay', 'Le Chautay', '1810', ''),
('18063', 'COM', '24', '18', '18D', '182', 0, 'CHAVANNES', 'Chavannes', 'Chavannes', '1817', ''),
('18064', 'COM', '24', '18', '18D', '183', 0, 'CHERY', 'Chéry', 'Chéry', '1811', ''),
('18065', 'COM', '24', '18', '18D', '182', 0, 'CHEZAL BENOIT', 'Chezal-Benoît', 'Chezal-Benoît', '1808', ''),
('18066', 'COM', '24', '18', '18D', '181', 0, 'CIVRAY', 'Civray', 'Civray', '1807', ''),
('18067', 'COM', '24', '18', '18D', '183', 0, 'CLEMONT', 'Clémont', 'Clémont', '1801', ''),
('18068', 'COM', '24', '18', '18D', '182', 0, 'COGNY', 'Cogny', 'Cogny', '1809', ''),
('18069', 'COM', '24', '18', '18D', '182', 0, 'COLOMBIERS', 'Colombiers', 'Colombiers', '1812', ''),
('18070', 'COM', '24', '18', '18D', '181', 0, 'CONCRESSAULT', 'Concressault', 'Concressault', '1816', ''),
('18071', 'COM', '24', '18', '18D', '182', 0, 'CONTRES', 'Contres', 'Contres', '1809', ''),
('18072', 'COM', '24', '18', '18D', '182', 0, 'CORNUSSE', 'Cornusse', 'Cornusse', '1810', ''),
('18073', 'COM', '24', '18', '18D', '182', 0, 'CORQUOY', 'Corquoy', 'Corquoy', '1817', ''),
('18074', 'COM', '24', '18', '18D', '181', 0, 'COUARGUES', 'Couargues', 'Couargues', '1816', ''),
('18075', 'COM', '24', '18', '18D', '182', 0, 'COURS LES BARRES', 'Cours-les-Barres', 'Cours-les-Barres', '1810', ''),
('18076', 'COM', '24', '18', '18D', '182', 0, 'COUST', 'Coust', 'Coust', '1809', ''),
('18077', 'COM', '24', '18', '18D', '181', 0, 'COUY', 'Couy', 'Couy', '1802', ''),
('18078', 'COM', '24', '18', '18D', '182', 0, 'CREZANCAY SUR CHER', 'Crézançay-sur-Cher', 'Crézançay-sur-Cher', '1817', ''),
('18079', 'COM', '24', '18', '18D', '181', 0, 'CREZANCY EN SANCERRE', 'Crézancy-en-Sancerre', 'Crézancy-en-Sancerre', '1816', ''),
('18080', 'COM', '24', '18', '18D', '182', 0, 'CROISY', 'Croisy', 'Croisy', '1810', ''),
('18081', 'COM', '24', '18', '18D', '181', 0, 'CROSSES', 'Crosses', 'Crosses', '1802', ''),
('18082', 'COM', '24', '18', '18D', '182', 0, 'CUFFY', 'Cuffy', 'Cuffy', '1810', ''),
('18083', 'COM', '24', '18', '18D', '182', 0, 'CULAN', 'Culan', 'Culan', '1808', ''),
('18084', 'COM', '24', '18', '18D', '181', 0, 'DAMPIERRE EN CROT', 'Dampierre-en-Crot', 'Dampierre-en-Crot', '1816', ''),
('18085', 'COM', '24', '18', '18D', '183', 0, 'DAMPIERRE EN GRACAY', 'Dampierre-en-Graçay', 'Dampierre-en-Graçay', '1819', ''),
('18086', 'COM', '24', '18', '18D', '182', 0, 'DREVANT', 'Drevant', 'Drevant', '1812', ''),
('18087', 'COM', '24', '18', '18D', '182', 0, 'DUN SUR AURON', 'Dun-sur-Auron', 'Dun-sur-Auron', '1809', ''),
('18088', 'COM', '24', '18', '18D', '183', 1, 'ENNORDRES', 'Ennordres', 'Ennordres', '1801', ''),
('18089', 'COM', '24', '18', '18D', '182', 1, 'EPINEUIL LE FLEURIEL', 'Épineuil-le-Fleuriel', 'Épineuil-le-Fleuriel', '1808', ''),
('18090', 'COM', '24', '18', '18D', '181', 1, 'ETRECHY', 'Étréchy', 'Étréchy', '1802', ''),
('18091', 'COM', '24', '18', '18D', '182', 0, 'FARGES ALLICHAMPS', 'Farges-Allichamps', 'Farges-Allichamps', '1812', ''),
('18092', 'COM', '24', '18', '18D', '181', 0, 'FARGES EN SEPTAINE', 'Farges-en-Septaine', 'Farges-en-Septaine', '1802', ''),
('18093', 'COM', '24', '18', '18D', '182', 0, 'FAVERDINES', 'Faverdines', 'Faverdines', '1808', ''),
('18094', 'COM', '24', '18', '18D', '181', 0, 'FEUX', 'Feux', 'Feux', '1816', ''),
('18095', 'COM', '24', '18', '18D', '182', 0, 'FLAVIGNY', 'Flavigny', 'Flavigny', '1810', ''),
('18096', 'COM', '24', '18', '18D', '183', 0, 'FOECY', 'Foëcy', 'Foëcy', '1811', ''),
('18097', 'COM', '24', '18', '18D', '181', 0, 'FUSSY', 'Fussy', 'Fussy', '1815', ''),
('18098', 'COM', '24', '18', '18D', '181', 0, 'GARDEFORT', 'Gardefort', 'Gardefort', '1816', ''),
('18099', 'COM', '24', '18', '18D', '181', 0, 'GARIGNY', 'Garigny', 'Garigny', '1802', ''),
('18100', 'COM', '24', '18', '18D', '183', 0, 'GENOUILLY', 'Genouilly', 'Genouilly', '1819', ''),
('18101', 'COM', '24', '18', '18D', '182', 0, 'GERMIGNY L EXEMPT', 'Germigny-l\'Exempt', 'Germigny-l\'Exempt', '1810', ''),
('18102', 'COM', '24', '18', '18D', '182', 0, 'GIVARDON', 'Givardon', 'Givardon', '1809', ''),
('18103', 'COM', '24', '18', '18D', '183', 0, 'GRACAY', 'Graçay', 'Graçay', '1819', ''),
('18104', 'COM', '24', '18', '18D', '181', 0, 'GROISES', 'Groises', 'Groises', '1802', ''),
('18105', 'COM', '24', '18', '18D', '181', 0, 'GRON', 'Gron', 'Gron', '1802', ''),
('18106', 'COM', '24', '18', '18D', '182', 0, 'GROSSOUVRE', 'Grossouvre', 'Grossouvre', '1809', ''),
('18107', 'COM', '24', '18', '18D', '182', 3, 'GROUTTE', 'Groutte', 'La Groutte', '1812', ''),
('18108', 'COM', '24', '18', '18D', '182', 3, 'GUERCHE SUR L AUBOIS', 'Guerche-sur-l\'Aubois', 'La Guerche-sur-l\'Aubois', '1810', ''),
('18109', 'COM', '24', '18', '18D', '181', 1, 'HENRICHEMONT', 'Henrichemont', 'Henrichemont', '1814', ''),
('18110', 'COM', '24', '18', '18D', '181', 1, 'HERRY', 'Herry', 'Herry', '1802', ''),
('18111', 'COM', '24', '18', '18D', '181', 1, 'HUMBLIGNY', 'Humbligny', 'Humbligny', '1814', ''),
('18112', 'COM', '24', '18', '18D', '182', 1, 'IDS SAINT ROCH', 'Ids-Saint-Roch', 'Ids-Saint-Roch', '1808', ''),
('18113', 'COM', '24', '18', '18D', '182', 1, 'IGNOL', 'Ignol', 'Ignol', '1810', ''),
('18114', 'COM', '24', '18', '18D', '182', 1, 'INEUIL', 'Ineuil', 'Ineuil', '1808', ''),
('18115', 'COM', '24', '18', '18D', '183', 1, 'IVOY LE PRE', 'Ivoy-le-Pré', 'Ivoy-le-Pré', '1801', ''),
('18116', 'COM', '24', '18', '18D', '181', 0, 'JALOGNES', 'Jalognes', 'Jalognes', '1816', ''),
('18117', 'COM', '24', '18', '18D', '181', 0, 'JARS', 'Jars', 'Jars', '1816', ''),
('18118', 'COM', '24', '18', '18D', '182', 0, 'JOUET SUR L AUBOIS', 'Jouet-sur-l\'Aubois', 'Jouet-sur-l\'Aubois', '1810', ''),
('18119', 'COM', '24', '18', '18D', '181', 0, 'JUSSY CHAMPAGNE', 'Jussy-Champagne', 'Jussy-Champagne', '1802', ''),
('18120', 'COM', '24', '18', '18D', '181', 0, 'JUSSY LE CHAUDRIER', 'Jussy-le-Chaudrier', 'Jussy-le-Chaudrier', '1802', ''),
('18121', 'COM', '24', '18', '18D', '182', 0, 'LANTAN', 'Lantan', 'Lantan', '1809', ''),
('18122', 'COM', '24', '18', '18D', '181', 0, 'LAPAN', 'Lapan', 'Lapan', '1817', ''),
('18124', 'COM', '24', '18', '18D', '183', 0, 'LAZENAY', 'Lazenay', 'Lazenay', '1811', ''),
('18125', 'COM', '24', '18', '18D', '181', 0, 'LERE', 'Léré', 'Léré', '1816', ''),
('18126', 'COM', '24', '18', '18D', '181', 0, 'LEVET', 'Levet', 'Levet', '1817', ''),
('18127', 'COM', '24', '18', '18D', '182', 0, 'LIGNIERES', 'Lignières', 'Lignières', '1808', ''),
('18128', 'COM', '24', '18', '18D', '183', 0, 'LIMEUX', 'Limeux', 'Limeux', '1811', ''),
('18129', 'COM', '24', '18', '18D', '181', 0, 'LISSAY LOCHY', 'Lissay-Lochy', 'Lissay-Lochy', '1817', ''),
('18130', 'COM', '24', '18', '18D', '182', 0, 'LOYE SUR ARNON', 'Loye-sur-Arnon', 'Loye-sur-Arnon', '1808', ''),
('18131', 'COM', '24', '18', '18D', '182', 0, 'LUGNY BOURBONNAIS', 'Lugny-Bourbonnais', 'Lugny-Bourbonnais', '1810', ''),
('18132', 'COM', '24', '18', '18D', '181', 0, 'LUGNY CHAMPAGNE', 'Lugny-Champagne', 'Lugny-Champagne', '1802', ''),
('18133', 'COM', '24', '18', '18D', '181', 0, 'LUNERY', 'Lunery', 'Lunery', '1807', ''),
('18134', 'COM', '24', '18', '18D', '183', 0, 'LURY SUR ARNON', 'Lury-sur-Arnon', 'Lury-sur-Arnon', '1811', ''),
('18135', 'COM', '24', '18', '18D', '182', 0, 'MAISONNAIS', 'Maisonnais', 'Maisonnais', '1808', ''),
('18136', 'COM', '24', '18', '18D', '182', 0, 'MARCAIS', 'Marçais', 'Marçais', '1812', ''),
('18137', 'COM', '24', '18', '18D', '181', 0, 'MAREUIL SUR ARNON', 'Mareuil-sur-Arnon', 'Mareuil-sur-Arnon', '1807', ''),
('18138', 'COM', '24', '18', '18D', '181', 0, 'MARMAGNE', 'Marmagne', 'Marmagne', '1813', ''),
('18139', 'COM', '24', '18', '18D', '181', 0, 'MARSEILLES LES AUBIGNY', 'Marseilles-lès-Aubigny', 'Marseilles-lès-Aubigny', '1802', ''),
('18140', 'COM', '24', '18', '18D', '183', 0, 'MASSAY', 'Massay', 'Massay', '1811', ''),
('18141', 'COM', '24', '18', '18D', '183', 0, 'MEHUN SUR YEVRE', 'Mehun-sur-Yèvre', 'Mehun-sur-Yèvre', '1811', ''),
('18142', 'COM', '24', '18', '18D', '182', 0, 'MEILLANT', 'Meillant', 'Meillant', '1812', ''),
('18143', 'COM', '24', '18', '18D', '182', 0, 'MENETOU COUTURE', 'Menetou-Couture', 'Menetou-Couture', '1810', ''),
('18144', 'COM', '24', '18', '18D', '181', 0, 'MENETOU RATEL', 'Menetou-Râtel', 'Menetou-Râtel', '1816', ''),
('18145', 'COM', '24', '18', '18D', '181', 0, 'MENETOU SALON', 'Menetou-Salon', 'Menetou-Salon', '1815', ''),
('18146', 'COM', '24', '18', '18D', '181', 0, 'MENETREOL SOUS SANCERRE', 'Ménétréol-sous-Sancerre', 'Ménétréol-sous-Sancerre', '1816', ''),
('18147', 'COM', '24', '18', '18D', '183', 0, 'MENETREOL SUR SAULDRE', 'Ménétréol-sur-Sauldre', 'Ménétréol-sur-Sauldre', '1801', ''),
('18148', 'COM', '24', '18', '18D', '183', 0, 'MEREAU', 'Méreau', 'Méreau', '1811', ''),
('18149', 'COM', '24', '18', '18D', '183', 0, 'MERY ES BOIS', 'Méry-ès-Bois', 'Méry-ès-Bois', '1801', ''),
('18150', 'COM', '24', '18', '18D', '183', 0, 'MERY SUR CHER', 'Méry-sur-Cher', 'Méry-sur-Cher', '1819', ''),
('18151', 'COM', '24', '18', '18D', '181', 0, 'MONTIGNY', 'Montigny', 'Montigny', '1814', ''),
('18152', 'COM', '24', '18', '18D', '182', 0, 'MONTLOUIS', 'Montlouis', 'Montlouis', '1808', ''),
('18153', 'COM', '24', '18', '18D', '182', 0, 'MORLAC', 'Morlac', 'Morlac', '1808', ''),
('18154', 'COM', '24', '18', '18D', '182', 0, 'MORNAY BERRY', 'Mornay-Berry', 'Mornay-Berry', '1810', ''),
('18155', 'COM', '24', '18', '18D', '182', 0, 'MORNAY SUR ALLIER', 'Mornay-sur-Allier', 'Mornay-sur-Allier', '1809', ''),
('18156', 'COM', '24', '18', '18D', '181', 0, 'MOROGUES', 'Morogues', 'Morogues', '1814', ''),
('18157', 'COM', '24', '18', '18D', '181', 0, 'MORTHOMIERS', 'Morthomiers', 'Morthomiers', '1807', ''),
('18158', 'COM', '24', '18', '18D', '181', 0, 'MOULINS SUR YEVRE', 'Moulins-sur-Yèvre', 'Moulins-sur-Yèvre', '1802', ''),
('18159', 'COM', '24', '18', '18D', '183', 0, 'NANCAY', 'Nançay', 'Nançay', '1801', ''),
('18160', 'COM', '24', '18', '18D', '182', 0, 'NERONDES', 'Nérondes', 'Nérondes', '1810', ''),
('18161', 'COM', '24', '18', '18D', '182', 0, 'NEUILLY EN DUN', 'Neuilly-en-Dun', 'Neuilly-en-Dun', '1809', ''),
('18162', 'COM', '24', '18', '18D', '181', 0, 'NEUILLY EN SANCERRE', 'Neuilly-en-Sancerre', 'Neuilly-en-Sancerre', '1814', ''),
('18163', 'COM', '24', '18', '18D', '181', 0, 'NEUVY DEUX CLOCHERS', 'Neuvy-Deux-Clochers', 'Neuvy-Deux-Clochers', '1814', ''),
('18164', 'COM', '24', '18', '18D', '182', 0, 'NEUVY LE BARROIS', 'Neuvy-le-Barrois', 'Neuvy-le-Barrois', '1809', ''),
('18165', 'COM', '24', '18', '18D', '183', 0, 'NEUVY SUR BARANGEON', 'Neuvy-sur-Barangeon', 'Neuvy-sur-Barangeon', '1801', ''),
('18166', 'COM', '24', '18', '18D', '181', 0, 'NOHANT EN GOUT', 'Nohant-en-Goût', 'Nohant-en-Goût', '1802', ''),
('18167', 'COM', '24', '18', '18D', '183', 0, 'NOHANT EN GRACAY', 'Nohant-en-Graçay', 'Nohant-en-Graçay', '1819', ''),
('18168', 'COM', '24', '18', '18D', '181', 2, 'NOYER', 'Noyer', 'Le Noyer', '1816', ''),
('18169', 'COM', '24', '18', '18D', '182', 0, 'NOZIERES', 'Nozières', 'Nozières', '1812', ''),
('18170', 'COM', '24', '18', '18D', '183', 1, 'OIZON', 'Oizon', 'Oizon', '1801', ''),
('18171', 'COM', '24', '18', '18D', '182', 1, 'ORCENAIS', 'Orcenais', 'Orcenais', '1812', ''),
('18172', 'COM', '24', '18', '18D', '182', 1, 'ORVAL', 'Orval', 'Orval', '1812', ''),
('18173', 'COM', '24', '18', '18D', '182', 1, 'OSMERY', 'Osmery', 'Osmery', '1809', ''),
('18174', 'COM', '24', '18', '18D', '181', 1, 'OSMOY', 'Osmoy', 'Osmoy', '1802', ''),
('18175', 'COM', '24', '18', '18D', '182', 1, 'OUROUER LES BOURDELINS', 'Ourouer-les-Bourdelins', 'Ourouer-les-Bourdelins', '1810', ''),
('18176', 'COM', '24', '18', '18D', '181', 0, 'PARASSY', 'Parassy', 'Parassy', '1814', ''),
('18177', 'COM', '24', '18', '18D', '182', 0, 'PARNAY', 'Parnay', 'Parnay', '1809', ''),
('18178', 'COM', '24', '18', '18D', '182', 3, 'PERCHE', 'Perche', 'La Perche', '1808', ''),
('18179', 'COM', '24', '18', '18D', '181', 0, 'PIGNY', 'Pigny', 'Pigny', '1815', ''),
('18180', 'COM', '24', '18', '18D', '181', 0, 'PLAIMPIED GIVAUDINS', 'Plaimpied-Givaudins', 'Plaimpied-Givaudins', '1817', ''),
('18181', 'COM', '24', '18', '18D', '181', 0, 'PLOU', 'Plou', 'Plou', '1807', ''),
('18182', 'COM', '24', '18', '18D', '181', 0, 'POISIEUX', 'Poisieux', 'Poisieux', '1807', ''),
('18183', 'COM', '24', '18', '18D', '182', 2, 'PONDY', 'Pondy', 'Le Pondy', '1809', ''),
('18184', 'COM', '24', '18', '18D', '181', 0, 'PRECY', 'Précy', 'Précy', '1802', ''),
('18185', 'COM', '24', '18', '18D', '183', 0, 'PRESLY', 'Presly', 'Presly', '1801', ''),
('18186', 'COM', '24', '18', '18D', '183', 0, 'PREUILLY', 'Preuilly', 'Preuilly', '1811', ''),
('18187', 'COM', '24', '18', '18D', '182', 0, 'PREVERANGES', 'Préveranges', 'Préveranges', '1808', ''),
('18188', 'COM', '24', '18', '18D', '181', 0, 'PRIMELLES', 'Primelles', 'Primelles', '1807', ''),
('18189', 'COM', '24', '18', '18D', '181', 0, 'QUANTILLY', 'Quantilly', 'Quantilly', '1815', ''),
('18190', 'COM', '24', '18', '18D', '183', 0, 'QUINCY', 'Quincy', 'Quincy', '1811', ''),
('18191', 'COM', '24', '18', '18D', '182', 0, 'RAYMOND', 'Raymond', 'Raymond', '1809', ''),
('18192', 'COM', '24', '18', '18D', '182', 0, 'REIGNY', 'Reigny', 'Reigny', '1808', ''),
('18193', 'COM', '24', '18', '18D', '182', 0, 'REZAY', 'Rezay', 'Rezay', '1808', ''),
('18194', 'COM', '24', '18', '18D', '181', 0, 'RIANS', 'Rians', 'Rians', '1814', ''),
('18195', 'COM', '24', '18', '18D', '182', 0, 'SAGONNE', 'Sagonne', 'Sagonne', '1809', ''),
('18196', 'COM', '24', '18', '18D', '182', 0, 'SAINT AIGNAN DES NOYERS', 'Saint-Aignan-des-Noyers', 'Saint-Aignan-des-Noyers', '1809', ''),
('18197', 'COM', '24', '18', '18D', '182', 0, 'SAINT AMAND MONTROND', 'Saint-Amand-Montrond', 'Saint-Amand-Montrond', '1812', ''),
('18198', 'COM', '24', '18', '18D', '181', 0, 'SAINT AMBROIX', 'Saint-Ambroix', 'Saint-Ambroix', '1807', ''),
('18199', 'COM', '24', '18', '18D', '182', 0, 'SAINT BAUDEL', 'Saint-Baudel', 'Saint-Baudel', '1808', ''),
('18200', 'COM', '24', '18', '18D', '181', 0, 'SAINT BOUIZE', 'Saint-Bouize', 'Saint-Bouize', '1816', ''),
('18201', 'COM', '24', '18', '18D', '181', 0, 'SAINT CAPRAIS', 'Saint-Caprais', 'Saint-Caprais', '1817', ''),
('18202', 'COM', '24', '18', '18D', '181', 0, 'SAINT CEOLS', 'Saint-Céols', 'Saint-Céols', '1814', ''),
('18203', 'COM', '24', '18', '18D', '182', 0, 'SAINT CHRISTOPHE LE CHAUDRY', 'Saint-Christophe-le-Chaudry', 'Saint-Christophe-le-Chaudry', '1808', ''),
('18204', 'COM', '24', '18', '18D', '182', 0, 'SAINT DENIS DE PALIN', 'Saint-Denis-de-Palin', 'Saint-Denis-de-Palin', '1809', ''),
('18205', 'COM', '24', '18', '18D', '181', 0, 'SAINT DOULCHARD', 'Saint-Doulchard', 'Saint-Doulchard', '1813', ''),
('18206', 'COM', '24', '18', '18D', '181', 0, 'SAINT ELOY DE GY', 'Saint-Éloy-de-Gy', 'Saint-Éloy-de-Gy', '1815', ''),
('18207', 'COM', '24', '18', '18D', '181', 0, 'SAINT FLORENT SUR CHER', 'Saint-Florent-sur-Cher', 'Saint-Florent-sur-Cher', '1807', ''),
('18208', 'COM', '24', '18', '18D', '181', 0, 'SAINTE GEMME EN SANCERROIS', 'Sainte-Gemme-en-Sancerrois', 'Sainte-Gemme-en-Sancerrois', '1816', ''),
('18209', 'COM', '24', '18', '18D', '182', 0, 'SAINT GEORGES DE POISIEUX', 'Saint-Georges-de-Poisieux', 'Saint-Georges-de-Poisieux', '1808', ''),
('18210', 'COM', '24', '18', '18D', '183', 0, 'SAINT GEORGES SUR LA PREE', 'Saint-Georges-sur-la-Prée', 'Saint-Georges-sur-la-Prée', '1819', ''),
('18211', 'COM', '24', '18', '18D', '181', 0, 'SAINT GEORGES SUR MOULON', 'Saint-Georges-sur-Moulon', 'Saint-Georges-sur-Moulon', '1815', ''),
('18212', 'COM', '24', '18', '18D', '182', 0, 'SAINT GERMAIN DES BOIS', 'Saint-Germain-des-Bois', 'Saint-Germain-des-Bois', '1809', ''),
('18213', 'COM', '24', '18', '18D', '181', 0, 'SAINT GERMAIN DU PUY', 'Saint-Germain-du-Puy', 'Saint-Germain-du-Puy', '1814', ''),
('18214', 'COM', '24', '18', '18D', '183', 0, 'SAINT HILAIRE DE COURT', 'Saint-Hilaire-de-Court', 'Saint-Hilaire-de-Court', '1819', ''),
('18215', 'COM', '24', '18', '18D', '182', 0, 'SAINT HILAIRE DE GONDILLY', 'Saint-Hilaire-de-Gondilly', 'Saint-Hilaire-de-Gondilly', '1810', ''),
('18216', 'COM', '24', '18', '18D', '182', 0, 'SAINT HILAIRE EN LIGNIERES', 'Saint-Hilaire-en-Lignières', 'Saint-Hilaire-en-Lignières', '1808', ''),
('18217', 'COM', '24', '18', '18D', '182', 0, 'SAINT JEANVRIN', 'Saint-Jeanvrin', 'Saint-Jeanvrin', '1808', ''),
('18218', 'COM', '24', '18', '18D', '181', 0, 'SAINT JUST', 'Saint-Just', 'Saint-Just', '1817', ''),
('18219', 'COM', '24', '18', '18D', '183', 0, 'SAINT LAURENT', 'Saint-Laurent', 'Saint-Laurent', '1815', ''),
('18220', 'COM', '24', '18', '18D', '181', 0, 'SAINT LEGER LE PETIT', 'Saint-Léger-le-Petit', 'Saint-Léger-le-Petit', '1802', ''),
('18221', 'COM', '24', '18', '18D', '182', 0, 'SAINT LOUP DES CHAUMES', 'Saint-Loup-des-Chaumes', 'Saint-Loup-des-Chaumes', '1817', ''),
('18223', 'COM', '24', '18', '18D', '181', 0, 'SAINT MARTIN D AUXIGNY', 'Saint-Martin-d\'Auxigny', 'Saint-Martin-d\'Auxigny', '1815', ''),
('18224', 'COM', '24', '18', '18D', '181', 0, 'SAINT MARTIN DES CHAMPS', 'Saint-Martin-des-Champs', 'Saint-Martin-des-Champs', '1802', ''),
('18225', 'COM', '24', '18', '18D', '182', 0, 'SAINT MAUR', 'Saint-Maur', 'Saint-Maur', '1808', ''),
('18226', 'COM', '24', '18', '18D', '181', 0, 'SAINT MICHEL DE VOLANGIS', 'Saint-Michel-de-Volangis', 'Saint-Michel-de-Volangis', '1814', ''),
('18227', 'COM', '24', '18', '18D', '183', 0, 'SAINTE MONTAINE', 'Sainte-Montaine', 'Sainte-Montaine', '1801', ''),
('18228', 'COM', '24', '18', '18D', '183', 0, 'SAINT OUTRILLE', 'Saint-Outrille', 'Saint-Outrille', '1819', ''),
('18229', 'COM', '24', '18', '18D', '181', 0, 'SAINT PALAIS', 'Saint-Palais', 'Saint-Palais', '1815', ''),
('18230', 'COM', '24', '18', '18D', '182', 0, 'SAINT PIERRE LES BOIS', 'Saint-Pierre-les-Bois', 'Saint-Pierre-les-Bois', '1808', ''),
('18231', 'COM', '24', '18', '18D', '182', 0, 'SAINT PIERRE LES ETIEUX', 'Saint-Pierre-les-Étieux', 'Saint-Pierre-les-Étieux', '1809', ''),
('18232', 'COM', '24', '18', '18D', '182', 0, 'SAINT PRIEST LA MARCHE', 'Saint-Priest-la-Marche', 'Saint-Priest-la-Marche', '1808', ''),
('18233', 'COM', '24', '18', '18D', '181', 0, 'SAINT SATUR', 'Saint-Satur', 'Saint-Satur', '1816', ''),
('18234', 'COM', '24', '18', '18D', '182', 0, 'SAINT SATURNIN', 'Saint-Saturnin', 'Saint-Saturnin', '1808', ''),
('18235', 'COM', '24', '18', '18D', '181', 0, 'SAINTE SOLANGE', 'Sainte-Solange', 'Sainte-Solange', '1814', ''),
('18236', 'COM', '24', '18', '18D', '182', 0, 'SAINT SYMPHORIEN', 'Saint-Symphorien', 'Saint-Symphorien', '1817', ''),
('18237', 'COM', '24', '18', '18D', '183', 0, 'SAINTE THORETTE', 'Sainte-Thorette', 'Sainte-Thorette', '1811', ''),
('18238', 'COM', '24', '18', '18D', '182', 0, 'SAINT VITTE', 'Saint-Vitte', 'Saint-Vitte', '1808', ''),
('18240', 'COM', '24', '18', '18D', '181', 0, 'SANCERGUES', 'Sancergues', 'Sancergues', '1802', ''),
('18241', 'COM', '24', '18', '18D', '181', 0, 'SANCERRE', 'Sancerre', 'Sancerre', '1816', ''),
('18242', 'COM', '24', '18', '18D', '182', 0, 'SANCOINS', 'Sancoins', 'Sancoins', '1809', ''),
('18243', 'COM', '24', '18', '18D', '181', 0, 'SANTRANGES', 'Santranges', 'Santranges', '1816', ''),
('18244', 'COM', '24', '18', '18D', '181', 0, 'SAUGY', 'Saugy', 'Saugy', '1807', ''),
('18245', 'COM', '24', '18', '18D', '182', 0, 'SAULZAIS LE POTIER', 'Saulzais-le-Potier', 'Saulzais-le-Potier', '1808', ''),
('18246', 'COM', '24', '18', '18D', '181', 0, 'SAVIGNY EN SANCERRE', 'Savigny-en-Sancerre', 'Savigny-en-Sancerre', '1816', ''),
('18247', 'COM', '24', '18', '18D', '181', 0, 'SAVIGNY EN SEPTAINE', 'Savigny-en-Septaine', 'Savigny-en-Septaine', '1802', ''),
('18248', 'COM', '24', '18', '18D', '181', 0, 'SENNECAY', 'Senneçay', 'Senneçay', '1817', ''),
('18249', 'COM', '24', '18', '18D', '181', 0, 'SENS BEAUJEU', 'Sens-Beaujeu', 'Sens-Beaujeu', '1816', ''),
('18250', 'COM', '24', '18', '18D', '182', 0, 'SERRUELLES', 'Serruelles', 'Serruelles', '1817', ''),
('18251', 'COM', '24', '18', '18D', '181', 0, 'SEVRY', 'Sévry', 'Sévry', '1802', ''),
('18252', 'COM', '24', '18', '18D', '182', 0, 'SIDIAILLES', 'Sidiailles', 'Sidiailles', '1808', ''),
('18253', 'COM', '24', '18', '18D', '181', 0, 'SOULANGIS', 'Soulangis', 'Soulangis', '1814', ''),
('18254', 'COM', '24', '18', '18D', '181', 0, 'SOYE EN SEPTAINE', 'Soye-en-Septaine', 'Soye-en-Septaine', '1817', ''),
('18255', 'COM', '24', '18', '18D', '181', 2, 'SUBDRAY', 'Subdray', 'Le Subdray', '1807', ''),
('18256', 'COM', '24', '18', '18D', '181', 0, 'SUBLIGNY', 'Subligny', 'Subligny', '1816', ''),
('18257', 'COM', '24', '18', '18D', '181', 0, 'SURY PRES LERE', 'Sury-près-Léré', 'Sury-près-Léré', '1816', ''),
('18258', 'COM', '24', '18', '18D', '181', 0, 'SURY EN VAUX', 'Sury-en-Vaux', 'Sury-en-Vaux', '1816', ''),
('18259', 'COM', '24', '18', '18D', '181', 0, 'SURY ES BOIS', 'Sury-ès-Bois', 'Sury-ès-Bois', '1816', ''),
('18260', 'COM', '24', '18', '18D', '182', 0, 'TENDRON', 'Tendron', 'Tendron', '1810', ''),
('18261', 'COM', '24', '18', '18D', '182', 0, 'THAUMIERS', 'Thaumiers', 'Thaumiers', '1809', ''),
('18262', 'COM', '24', '18', '18D', '181', 0, 'THAUVENAY', 'Thauvenay', 'Thauvenay', '1816', ''),
('18263', 'COM', '24', '18', '18D', '183', 0, 'THENIOUX', 'Thénioux', 'Thénioux', '1819', ''),
('18264', 'COM', '24', '18', '18D', '181', 0, 'THOU', 'Thou', 'Thou', '1816', ''),
('18265', 'COM', '24', '18', '18D', '182', 0, 'TORTERON', 'Torteron', 'Torteron', '1810', ''),
('18266', 'COM', '24', '18', '18D', '182', 0, 'TOUCHAY', 'Touchay', 'Touchay', '1808', ''),
('18267', 'COM', '24', '18', '18D', '181', 0, 'TROUY', 'Trouy', 'Trouy', '1817', ''),
('18268', 'COM', '24', '18', '18D', '182', 1, 'UZAY LE VENON', 'Uzay-le-Venon', 'Uzay-le-Venon', '1817', ''),
('18269', 'COM', '24', '18', '18D', '181', 0, 'VAILLY SUR SAULDRE', 'Vailly-sur-Sauldre', 'Vailly-sur-Sauldre', '1816', ''),
('18270', 'COM', '24', '18', '18D', '182', 0, 'VALLENAY', 'Vallenay', 'Vallenay', '1817', ''),
('18271', 'COM', '24', '18', '18D', '181', 0, 'VASSELAY', 'Vasselay', 'Vasselay', '1815', ''),
('18272', 'COM', '24', '18', '18D', '181', 0, 'VEAUGUES', 'Veaugues', 'Veaugues', '1816', ''),
('18273', 'COM', '24', '18', '18D', '182', 0, 'VENESMES', 'Venesmes', 'Venesmes', '1817', ''),
('18274', 'COM', '24', '18', '18D', '181', 0, 'VERDIGNY', 'Verdigny', 'Verdigny', '1816', ''),
('18275', 'COM', '24', '18', '18D', '182', 0, 'VEREAUX', 'Vereaux', 'Vereaux', '1809', ''),
('18276', 'COM', '24', '18', '18D', '182', 0, 'VERNAIS', 'Vernais', 'Vernais', '1809', ''),
('18277', 'COM', '24', '18', '18D', '182', 0, 'VERNEUIL', 'Verneuil', 'Verneuil', '1809', ''),
('18278', 'COM', '24', '18', '18D', '182', 0, 'VESDUN', 'Vesdun', 'Vesdun', '1808', ''),
('18279', 'COM', '24', '18', '18D', '183', 0, 'VIERZON', 'Vierzon', 'Vierzon', '1899', ''),
('18280', 'COM', '24', '18', '18D', '181', 0, 'VIGNOUX SOUS LES AIX', 'Vignoux-sous-les-Aix', 'Vignoux-sous-les-Aix', '1815', ''),
('18281', 'COM', '24', '18', '18D', '183', 0, 'VIGNOUX SUR BARANGEON', 'Vignoux-sur-Barangeon', 'Vignoux-sur-Barangeon', '1815', ''),
('18282', 'COM', '24', '18', '18D', '181', 0, 'VILLABON', 'Villabon', 'Villabon', '1802', ''),
('18283', 'COM', '24', '18', '18D', '182', 0, 'VILLECELIN', 'Villecelin', 'Villecelin', '1808', ''),
('18284', 'COM', '24', '18', '18D', '181', 0, 'VILLEGENON', 'Villegenon', 'Villegenon', '1816', ''),
('18285', 'COM', '24', '18', '18D', '181', 0, 'VILLENEUVE SUR CHER', 'Villeneuve-sur-Cher', 'Villeneuve-sur-Cher', '1807', ''),
('18286', 'COM', '24', '18', '18D', '181', 0, 'VILLEQUIERS', 'Villequiers', 'Villequiers', '1802', ''),
('18287', 'COM', '24', '18', '18D', '181', 0, 'VINON', 'Vinon', 'Vinon', '1816', ''),
('18288', 'COM', '24', '18', '18D', '181', 0, 'VORLY', 'Vorly', 'Vorly', '1817', ''),
('18289', 'COM', '24', '18', '18D', '181', 0, 'VORNAY', 'Vornay', 'Vornay', '1802', ''),
('18290', 'COM', '24', '18', '18D', '183', 0, 'VOUZERON', 'Vouzeron', 'Vouzeron', '1815', ''),
('N/C', NULL, NULL, NULL, NULL, NULL, NULL, NULL, NULL, NULL, NULL, NULL);

-- --------------------------------------------------------

--
-- Table structure for table `sae303_lieu`
--

CREATE TABLE `sae303_lieu` (
  `lieu_id` int(10) UNSIGNED NOT NULL,
  `Num_Acc` varchar(12) DEFAULT NULL,
  `catr` int(1) DEFAULT NULL,
  `voie` varchar(40) DEFAULT NULL,
  `v1` varchar(3) DEFAULT NULL,
  `v2` varchar(3) DEFAULT NULL,
  `circ` varchar(3) DEFAULT NULL,
  `nbv` varchar(7) DEFAULT NULL,
  `vosp` varchar(3) DEFAULT NULL,
  `prof` varchar(3) DEFAULT NULL,
  `pr` varchar(4) DEFAULT NULL,
  `pr1` varchar(4) DEFAULT NULL,
  `plan` varchar(3) DEFAULT NULL,
  `lartpc` varchar(4) DEFAULT NULL,
  `larrout` varchar(5) DEFAULT NULL,
  `surf` varchar(3) DEFAULT NULL,
  `infra` varchar(3) DEFAULT NULL,
  `situ` varchar(3) DEFAULT NULL,
  `vma` int(3) DEFAULT NULL
) ENGINE=InnoDB DEFAULT CHARSET=utf8;

--
-- Dumping data for table `sae303_lieu`
--

INSERT INTO `sae303_lieu` (`lieu_id`, `Num_Acc`, `catr`, `voie`, `v1`, `v2`, `circ`, `nbv`, `vosp`, `prof`, `pr`, `pr1`, `plan`, `lartpc`, `larrout`, `surf`, `infra`, `situ`, `vma`) VALUES
(232, '202200000232', 3, '6', '0', 'D', '2', '2', '0', '1', '29', '200', '2', '', ' -1', '1', '0', '8', 80),
(490, '202200000490', 3, '160', ' -1', 'N/A', '2', '2', '0', '1', '12', '500', '2', '', ' -1', '1', '2', '1', 80),
(495, '202200000495', 4, 'N/A', ' -1', 'N/A', '1', '2', '0', '1', '(1)', '(1)', '1', '', '5', '1', '0', '1', 50),
(571, '202200000571', 4, '32', '0', 'N/A', '2', '2', '0', '1', '(1)', '(1)', '1', '', ' -1', '1', '0', '1', 50),
(1326, '202200001326', 3, '41', ' -1', 'N/A', '2', '2', '0', '1', '8', '785', '2', '', ' -1', '1', '0', '1', 80),
(1932, '202200001932', 4, 'LAMY (RUE THEOPHILE)', '0', 'N/A', '2', '2', '0', '1', '(1)', '(1)', '2', '', ' -1', '1', '0', '8', 50),
(2117, '202200002117', 3, '10', ' -1', 'N/A', '2', '2', '0', '1', '45', '230', '1', '', '5', '1', '0', '1', 80),
(2239, '202200002239', 1, '71', ' -1', 'N/A', '3', '4', '0', '1', '196', '950', '1', '', ' -1', '1', '0', '3', 130),
(2546, '202200002546', 3, '923', ' -1', 'N/A', '2', '2', '0', '4', '50', '400', '1', '', ' -1', '1', '0', '3', 80),
(3843, '202200003843', 4, 'ORLEANS (AVENUE D\')', '0', 'N/A', '2', '1', '0', '1', '(1)', '(1)', '1', '', ' -1', '1', '0', '1', 50),
(3850, '202200003850', 4, 'CHAPPE (CHAUSSEE DE)', '0', 'N/A', '2', '2', '2', '1', '(1)', '(1)', '3', '', ' -1', '1', '5', '1', 50),
(5403, '202200005403', 4, 'MARS 1962 (AVE DU 19)', '0', 'N/A', '2', '2', '0', '1', '(1)', '(1)', '1', '', ' -1', '2', '0', '1', 50),
(5638, '202200005638', 1, '71', ' -1', 'N/A', '3', '4', '0', '1', '263', '475', '1', '', ' -1', '1', '0', '1', 130),
(5690, '202200005690', 4, 'JAURES (AVENUE JEAN)', '0', 'N/A', '3', '2', '0', '1', '(1)', '(1)', '1', '', ' -1', '1', '0', '1', 50),
(5876, '202200005876', 3, '45', ' -1', 'N/A', '2', '2', '0', '1', '25', '0', '1', '', ' -1', '1', '0', '1', 80),
(5913, '202200005913', 3, '976', '0', 'D', '2', '2', '0', '1', '9', '610', '1', '', ' -1', '2', '0', '1', 50),
(6204, '202200006204', 3, '925', '0', 'D', '2', '2', '0', '1', '28', '0', '1', '', ' -1', '1', '0', '3', 90),
(6964, '202200006964', 4, 'WITTELSHEIM ( RUE DE )', '0', 'N/A', '2', '0', '0', '1', '(1)', '(1)', '1', '', ' -1', '2', '0', '1', 50),
(6988, '202200006988', 4, 'MITTERRAND (AVENUE FRANCOIS)', '0', 'N/A', '1', '2', '0', '1', '(1)', '(1)', '2', '', ' -1', '1', '5', '1', 50),
(7347, '202200007347', 4, 'NERON (RUE RAOUL)', '0', 'N/A', '2', '2', '0', '1', '(1)', '(1)', '4', '', ' -1', '1', '0', '1', 50),
(7683, '202200007683', 1, '71', ' -1', 'N/A', '3', '4', '3', '1', '233', '700', '1', '', ' -1', '1', '0', '1', 130),
(7964, '202200007964', 3, 'MITTERRAND ( RUE FRANCOIS )', '0', 'N/A', '2', '2', '0', '2', '6', '620', '2', '', ' -1', '2', '0', '1', 50),
(7966, '202200007966', 3, 'LA FOSSE BERHAUD (LIEU-DIT)', '0', 'N/A', '2', '2', '0', '1', '2', '600', '1', '', ' -1', '2', '0', '3', 70),
(8078, '202200008078', 3, '3', '0', 'D', '2', '2', '0', '2', '37', '200', '1', '', ' -1', '1', '0', '3', 80),
(8100, '202200008100', 1, '71', ' -1', 'N/A', '3', '4', '3', '1', '251', '0', '1', '', ' -1', '1', '0', '1', 130),
(8396, '202200008396', 3, '10', ' -1', 'N/A', '2', '2', '0', '1', '6', '400', '1', '', '5', '1', '0', '3', 80),
(8492, '202200008492', 3, '976', ' -1', 'N/A', '2', '2', '0', '1', '50', '500', '1', '', ' -1', '1', '0', '1', 90),
(8681, '202200008681', 3, '944', ' -1', 'N/A', '2', '2', '0', '2', '69', '100', '1', '', ' -1', '1', '0', '3', 90),
(9568, '202200009568', 3, '28', ' -1', 'N/A', '2', '2', '0', '1', '6', '700', '1', '', ' -1', '1', '0', '1', 80),
(9727, '202200009727', 4, 'REPUBLIQUE (BOULEVARD DE LA)', '0', 'N/A', ' -1', '1', '0', '1', '(1)', '(1)', '1', '', ' -1', '1', '0', '1', 50),
(9838, '202200009838', 4, 'N/A', '0', 'N/A', '2', '2', '0', '1', '(1)', '(1)', '3', '', '5', '1', '0', '1', 70),
(9927, '202200009927', 4, 'EIFFEL (RUE GUSTAVE)', '0', 'N/A', '2', '2', '0', '1', '(1)', '(1)', '1', '', ' -1', '1', '9', '1', 50),
(10289, '202200010289', 4, 'MICHELIN (RUE DES FRERES)', '0', 'N/A', '2', '2', '0', '1', '(1)', '(1)', '1', '', ' -1', '1', '0', '8', 50),
(10513, '202200010513', 3, '11', ' -1', 'N/A', '2', '2', '0', '1', '3', '700', '3', '', '5', '2', '0', '1', 70),
(11544, '202200011544', 3, '2076', '0', 'N/A', '2', '1', '0', '1', '33', '359', '1', '', '3', '1', '0', '1', 90),
(11545, '202200011545', 3, '951', ' -1', 'N/A', '2', '2', '0', '1', '15', '100', '3', '', ' -1', '1', '0', '3', 70),
(12111, '202200012111', 3, 'N/A', ' -1', 'N/A', '1', '1', '0', '1', '9', '315', '1', '', ' -1', '1', '0', '1', 50),
(12537, '202200012537', 3, '67', ' -1', 'N/A', '2', '2', '0', '1', '8', '100', '1', '', ' -1', '1', '0', '3', 80),
(12575, '202200012575', 3, 'D35', ' -1', 'N/A', '2', '2', '0', '1', '29', '626', '1', '', ' -1', '1', '0', '1', 80),
(13231, '202200013231', 3, '955', ' -1', 'N/A', '2', '2', '0', '1', '41', '405', '1', '', ' -1', '1', '0', '8', 90),
(13645, '202200013645', 4, 'N/A', ' -1', 'N/A', '2', '2', '0', '1', '(1)', '(1)', '1', '', '5', '1', '0', '1', 80),
(13856, '202200013856', 4, 'HUIT MAI 1945 (RUE DU (JUSQU\'AU GYMNASE', '0', 'N/A', '2', '2', '0', '1', '(1)', '(1)', '1', '', ' -1', '1', '0', '1', 50),
(13937, '202200013937', 3, '951', ' -1', 'N/A', '2', '2', '0', '2', '30', '280', '1', '', ' -1', '2', '2', '3', 50),
(14065, '202200014065', 3, 'RD 2076', '0', 'N/A', '1', '1', '0', '1', '67', '59', '3', '', ' -1', '2', '5', '1', 80),
(14147, '202200014147', 3, 'ORLEANS (ROUTE D\')', '0', 'N/A', '2', '3', '0', '1', '64', '990', '1', '', ' -1', '1', '0', '1', 50),
(14573, '202200014573', 3, '926', '0', 'N/A', '2', '2', '0', '3', '6', '50', '1', '', ' -1', '2', '0', '1', 80),
(14984, '202200014984', 3, '65', ' -1', 'N/A', '2', '2', '0', '1', '37', '500', '1', '', ' -1', '2', '0', '1', 80),
(15486, '202200015486', 3, '99', '0', 'E', '2', '2', '0', '2', '3', '700', '1', '', ' -1', '2', '0', '3', 80),
(15792, '202200015792', 3, '60', ' -1', 'N/A', '2', '2', '0', '1', '6', '771', '2', '', ' -1', '1', '0', '3', 80),
(16646, '202200016646', 3, '951', ' -1', 'N/A', '2', '2', '0', '2', '24', '700', '1', '', ' -1', '1', '0', '3', 80),
(16650, '202200016650', 3, '940', '0', 'N/A', '3', '1', '0', '1', '57', '700', '2', '', '3', '1', '5', '1', 90),
(16828, '202200016828', 4, 'TURLY (RUE DE)', '0', 'N/A', '2', '2', '0', '1', '(1)', '(1)', '1', '', ' -1', '1', '0', '1', 50),
(17290, '202200017290', 4, 'BOBILLOT (RUE DU SERGENT)', '0', 'N/A', '2', '2', '0', '1', '(1)', '(1)', '1', '', ' -1', '1', '0', '1', 50),
(17403, '202200017403', 4, 'CHARITE (ROUTE DE LA)', '0', 'N/A', '3', '5', '0', '2', '(1)', '(1)', '1', '', ' -1', '1', '0', '1', 50),
(17515, '202200017515', 3, '55', '0', 'N/A', '2', '2', '0', '1', '35', '0', '1', '', ' -1', '2', '0', '1', 80),
(17584, '202200017584', 4, 'BEREGOVOY (AVENUE PIERRE)', '0', 'N/A', '1', '1', '0', '1', '(1)', '(1)', '1', '', ' -1', '1', '8', '1', 30),
(17789, '202200017789', 3, '2076', ' -1', 'N/A', '2', '1', '0', '1', '33', '359', '1', '', '3', '1', '5', '1', 90),
(18572, '202200018572', 4, 'MAILLOL (RUE ARISTIDE)', '0', 'N/A', '2', '2', '0', '1', '(1)', '(1)', '1', '', ' -1', '1', '0', '1', 50),
(18875, '202200018875', 3, '925', ' -1', 'N/A', '2', '2', '0', '2', '25', '200', '2', '', ' -1', '1', '0', '3', 70),
(18886, '202200018886', 1, '71', '0', 'N/A', '3', '4', '0', '1', '205', '400', '1', '', ' -1', '1', '0', '2', 130),
(19539, '202200019539', 3, 'BRISSON APRES PONT SNCF', '0', 'N/A', '2', '2', '0', '1', '5', '900', '1', '', ' -1', '1', '9', '1', 30),
(19630, '202200019630', 3, '81', '0', 'N/A', '2', '2', '0', '1', '11', '820', '1', '', ' -1', '1', '0', '3', 80),
(20648, '202200020648', 3, '2076', '0', 'A', '2', '2', '0', '1', '41', '250', '1', '', ' -1', '1', '0', '3', 90),
(20650, '202200020650', 3, '2144', ' -1', 'N/A', '2', '2', '0', '1', '9', '600', '1', '', '5', '1', '0', '4', 50),
(20858, '202200020858', 3, '953', ' -1', 'N/A', '2', '2', '0', '1', '22', '440', '1', '', ' -1', '2', '0', '1', 80),
(20859, '202200020859', 3, '2144', '0', 'N/A', '2', '2', '0', '1', '9', '250', '1', '', ' -1', '1', '0', '1', 50),
(20860, '202200020860', 3, '45', '0', 'N/A', '2', '2', '0', '1', '13', '90', '3', '', ' -1', '2', '0', '1', 50),
(20962, '202200020962', 3, 'FORET DE VIERZON ENTRE RN20 ET ROUTE D\'O', '0', 'N/A', '2', '2', '0', '1', '2', '0', '1', '', ' -1', '1', '0', '3', 90),
(21572, '202200021572', 3, '25', '0', 'N/A', '2', '2', '0', '1', '13', '240', '2', '', ' -1', '1', '0', '3', 50),
(21787, '202200021787', 4, 'AVENIR (BD DE L\')', '0', 'N/A', '2', '4', '0', '1', '(1)', '(1)', '1', '', ' -1', '2', '5', '1', 50),
(21790, '202200021790', 4, 'BAFFIER (RUE JEAN)', '0', 'N/A', '2', '2', '0', '1', '(1)', '(1)', '1', '', ' -1', '1', '0', '1', 50),
(21820, '202200021820', 3, '951', ' -1', 'N/A', '2', '2', '0', '2', '55', '590', '1', '', ' -1', '1', '0', '1', 50),
(21822, '202200021822', 3, '45', ' -1', 'N/A', '2', '2', '0', '1', '16', '200', '1', '', ' -1', '1', '0', '1', 50),
(22170, '202200022170', 2, 'CHARITE (ROUTE DE LA)', '0', 'N/A', '2', '2', '0', '1', '30', '758', '3', '', ' -1', '1', '0', '1', 50),
(22433, '202200022433', 3, '2144', ' -1', 'N/A', '2', '2', '0', '1', '27', '600', '1', '', ' -1', '2', '0', '1', 90),
(22437, '202200022437', 3, '10', '0', 'N/A', '2', '2', '0', '1', '21', '0', '1', '', '5', '2', '0', '1', 50),
(23023, '202200023023', 3, '66', ' -1', 'N/A', '2', '2', '0', '1', '0', '300', '1', '', ' -1', '1', '0', '1', 30),
(23122, '202200023122', 3, '2076', '0', 'N/A', '2', '2', '0', '1', '74', '850', '1', '', ' -1', '1', '0', '1', 90),
(23375, '202200023375', 3, 'CHARITE (ROUTE DE LA)', '0', 'N/A', '2', '4', '0', '3', '0', '475', '1', '', ' -1', '1', '0', '1', 50),
(23454, '202200023454', 3, 'D15E', '0', 'N/A', '2', '2', '0', '1', '1', '0', '1', '', ' -1', '1', '0', '1', 80),
(23582, '202200023582', 1, '20', ' -1', 'N/A', '3', '4', '0', '1', '11', '300', '1', '', ' -1', '1', '0', '1', 130),
(23589, '202200023589', 2, '151', '0', 'N/A', '2', '2', '0', '1', '12', '200', '1', '', '5', '1', '0', '1', 50),
(24198, '202200024198', 3, '940', '0', 'N/A', '2', '2', '0', '1', '108', '300', '1', '', ' -1', '2', '0', '1', 80),
(24199, '202200024199', 3, '920', ' -1', 'N/A', '2', '2', '0', '1', '63', '100', '3', '', ' -1', '2', '0', '3', 80),
(24603, '202200024603', 3, 'N/A', '0', 'N/A', '2', '2', '0', '4', '12', '200', '2', '', ' -1', '1', '0', '1', 80),
(24675, '202200024675', 3, '976', '0', 'D', '2', '2', '0', '2', '12', '486', '3', '', ' -1', '1', '0', '1', 90),
(25005, '202200025005', 3, '10', '0', 'N/A', '2', '2', '0', '1', '10', '350', '2', '', '5', '1', '0', '3', 80),
(25352, '202200025352', 3, '82', '0', 'N/A', '2', '2', '0', '1', '10', '670', '1', '', ' -1', '1', '0', '1', 50),
(25410, '202200025410', 6, 'N/A', '0', 'N/A', ' -1', ' -1', '3', '1', '(1)', '(1)', '1', '', ' -1', '1', '0', '6', 30),
(25713, '202200025713', 3, '2144', ' -1', 'N/A', '2', '2', '0', '1', '28', '0', '1', '', ' -1', '1', '0', '1', 90),
(26914, '202200026914', 3, 'SAINT-MICHEL (RTE DE)', '0', 'N/A', '2', '1', '0', '1', '1', '175', '1', '', ' -1', '1', '0', '8', 50),
(27055, '202200027055', 3, '73', '0', 'A', '2', '2', '0', '1', '10', '380', '1', '', ' -1', '1', '0', '1', 80),
(27383, '202200027383', 2, 'RN 142', '0', 'N/A', '3', '4', '3', '1', '9', '750', '3', '', ' -1', '1', '3', '2', 80),
(28287, '202200028287', 3, '951', '0', 'D', '2', '2', '0', '1', '30', '930', '1', '', ' -1', '1', '0', '1', 50),
(28444, '202200028444', 4, 'JAURES (AVENUE JEAN)', '0', 'N/A', '2', '3', '0', '1', '(1)', '(1)', '1', '', ' -1', '1', '0', '1', 30),
(28912, '202200028912', 4, 'DEBORD (AVENUE DU)', '0', 'N/A', ' -1', '2', '0', '2', '(1)', '(1)', '1', '', ' -1', '2', '0', '1', 50),
(29370, '202200029370', 3, '943', '0', 'N/A', '2', '2', '0', '3', '11', '330', '2', '', ' -1', '1', '0', '3', 50),
(29457, '202200029457', 4, 'N/A', '0', 'N/A', '1', '2', '0', '1', '(1)', '(1)', '2', '', '5', '1', '0', '1', 50),
(29804, '202200029804', 4, 'WITTELSHEIM ( RUE DE )', '0', 'N/A', '1', '1', '0', '1', '(1)', '(1)', '1', '', ' -1', '1', '0', '1', 50),
(30011, '202200030011', 1, '71', ' -1', 'N/A', '3', '4', '3', '1', '212', '600', '1', '', ' -1', '1', '0', '1', 130),
(30120, '202200030120', 1, '20', '0', 'N/A', '3', '4', '0', '1', '1', '895', '3', '', ' -1', '1', '0', '1', 110),
(31060, '202200031060', 3, '73', '0', 'A', '2', '2', '0', '1', '9', '500', '1', '', ' -1', '1', '0', '1', 80),
(31509, '202200031509', 3, '2076', '0', 'N/A', '2', '2', '0', '1', '23', '680', '1', '', ' -1', '1', '0', '1', 90),
(31554, '202200031554', 2, '151', ' -1', 'N/A', '2', '2', '0', '1', '13', '680', '1', '', ' -1', '1', '5', '1', 50),
(31650, '202200031650', 9, 'N/A', ' -1', 'N/A', ' -1', '2', '0', '1', '(1)', '(1)', '4', '', ' -1', '9', '9', '6', -1),
(31925, '202200031925', 3, '57', ' -1', 'N/A', '2', '2', '0', '4', '3', '600', '3', '', ' -1', '1', '0', '3', 80),
(32837, '202200032837', 3, '58', '0', 'N/A', '2', '2', '0', '2', '12', '390', '2', '', ' -1', '1', '0', '1', 50),
(33122, '202200033122', 3, 'N/A', ' -1', 'N/A', '1', '1', '0', '2', '48', '280', '1', '', '3', '1', '0', '1', 50),
(33511, '202200033511', 3, '35', '0', 'N/A', '2', '2', '0', '1', '38', '600', '1', '', ' -1', '1', '0', '3', 80),
(33598, '202200033598', 4, 'GOURDON (RUE)', '0', 'N/A', '2', '1', '0', '4', '(1)', '(1)', '1', '', ' -1', '1', '0', '1', 50),
(34075, '202200034075', 3, '43', '0', 'N/A', '2', '2', '0', '1', '24', '0', '3', '', ' -1', '2', '0', '3', -1),
(34656, '202200034656', 3, '951', ' -1', 'N/A', '2', '2', '0', '1', '23', '750', '1', '', ' -1', '1', '0', '1', 80),
(34725, '202200034725', 3, '65', ' -1', 'N/A', '2', '2', '0', '1', '20', '400', '2', '', ' -1', '1', '0', '3', 80),
(34965, '202200034965', 3, '199', ' -1', 'N/A', '2', '2', '0', '1', '6', '82', '1', '', ' -1', '1', '0', '1', 80),
(35912, '202200035912', 3, '2076', ' -1', 'N/A', '2', '2', '0', '2', '86', '0', '1', '', ' -1', '2', '0', '1', 90),
(36882, '202200036882', 3, '6', ' -1', 'N/A', '2', '2', '0', '1', '20', '100', '4', '', ' -1', '1', '0', '3', 80),
(38045, '202200038045', 3, '91', '0', 'N/A', '2', '2', '0', '1', '11', '360', '3', '', ' -1', '2', '0', '1', 50),
(38091, '202200038091', 6, 'N/A', ' -1', 'N/A', ' -1', ' -1', '0', '1', '(1)', '(1)', '1', '', '3', '1', '0', '1', 50),
(38191, '202200038191', 4, 'ZAC BOIS DE CHAGNIERES', '0', 'N/A', '1', '2', '0', '1', '(1)', '(1)', '2', '', ' -1', '1', '9', '1', 50),
(38561, '202200038561', 6, 'N/A', ' -1', 'N/A', ' -1', ' -1', '0', '1', '(1)', '(1)', '1', '', '3', '1', '0', '8', 50),
(39368, '202200039368', 1, '71', '0', 'N/A', '3', '5', '0', '1', '176', '0', '3', '', ' -1', '1', '0', '1', 130),
(39492, '202200039492', 4, 'VERDUN (AVENUE DE)', '0', 'N/A', '2', '1', '0', '2', '(1)', '(1)', '1', '', ' -1', '1', '9', '1', 50),
(39534, '202200039534', 4, 'VALLES ( RUE JULES )', '0', 'N/A', '2', '2', '0', '1', '(1)', '(1)', '1', '', ' -1', '2', '0', '1', 50),
(40553, '202200040553', 3, '60', '0', 'N/A', '2', '2', '0', '3', '5', '550', '1', '', ' -1', '1', '0', '1', 80),
(41395, '202200041395', 3, '166', ' -1', 'N/A', '2', '2', '0', '1', '6', '900', '2', '', ' -1', '1', '0', '3', 50),
(41396, '202200041396', 3, 'RD61', '0', 'N/A', '2', '2', '0', '1', '1', '400', '2', '', ' -1', '1', '0', '8', 80),
(41788, '202200041788', 4, 'ZAC BOIS DE CHAGNIERES', '0', 'N/A', '2', '2', '0', '1', '(1)', '(1)', '1', '', ' -1', '1', '0', '1', 80),
(41855, '202200041855', 3, '65', '0', 'N/A', '2', '2', '0', '1', '31', '250', '1', '', ' -1', '1', '0', '3', 80),
(41994, '202200041994', 3, '52', ' -1', 'N/A', '2', '2', '0', '1', '10', '649', '1', '', ' -1', '9', '0', '8', 80),
(42236, '202200042236', 4, 'CHAPPE (CHAUSSEE DE)', '0', 'N/A', ' -1', '2', '0', '1', '(1)', '(1)', '1', '', ' -1', '2', '0', '1', 50),
(42524, '202200042524', 3, '951', ' -1', 'N/A', '2', '2', '0', '1', '31', '600', '1', '', '5', '1', '0', '1', 50),
(43091, '202200043091', 1, '20', ' -1', 'N/A', '3', '4', '0', '1', '2', '155', '3', '', ' -1', '1', '0', '8', 110),
(43314, '202200043314', 3, '2020', ' -1', 'N/A', '2', '2', '0', '1', '9', '500', '1', '', ' -1', '1', '0', '3', 70),
(43330, '202200043330', 1, '20', '0', 'N/A', '3', '4', '0', '1', '18', '0', '1', '', ' -1', '1', '0', '3', 130),
(44210, '202200044210', 3, '65', '0', 'D', '2', '2', '0', '2', '25', '300', '4', '', ' -1', '2', '0', '1', 80),
(44211, '202200044211', 3, '65', '0', 'N/A', '2', '2', '0', '1', '8', '840', '1', '', ' -1', '2', '0', '1', 80),
(44213, '202200044213', 3, 'N/A', ' -1', 'N/A', '2', '2', '0', '1', '36', '440', '1', '', '5', '1', '0', '1', 80),
(44491, '202200044491', 4, 'BAS DE GRANGE (RUE ET PLACE)', '0', 'N/A', '3', '2', '0', '1', '(1)', '(1)', '1', '', ' -1', '1', '5', '1', 50),
(44795, '202200044795', 3, '12', ' -1', 'N/A', '2', '2', '0', '1', '21', '300', '4', '', ' -1', '2', '0', '3', 80),
(44838, '202200044838', 3, 'CHALLE (RUE DU GENERAL)', '0', 'N/A', '2', '4', '0', '1', '0', '475', '1', '', ' -1', '1', '5', '4', 50),
(44870, '202200044870', 3, '940', ' -1', 'N/A', '2', '2', '0', '1', '20', '650', '1', '', ' -1', '1', '0', '1', 80),
(44960, '202200044960', 3, '923', '0', 'N/A', '2', '2', '0', '1', '32', '490', '1', '', ' -1', '1', '0', '1', 50),
(44966, '202200044966', 3, '76', '0', 'D', '2', '2', '0', '1', '17', '700', '1', '', ' -1', '1', '0', '1', 80),
(45398, '202200045398', 2, '151', '0', 'N/A', '2', '2', '0', '2', '13', '450', '1', '', ' -1', '1', '0', '1', 50),
(45600, '202200045600', 3, '2144', ' -1', 'N/A', '2', '2', '0', '1', '17', '420', '1', '', ' -1', '2', '0', '1', 50),
(45963, '202200045963', 3, '43', '0', 'N/A', '2', '2', '0', '1', '20', '40', '1', '', ' -1', '2', '0', '3', 80),
(46291, '202200046291', 3, '10', ' -1', 'N/A', '2', '2', '0', '1', '0', '20', '1', '', '5', '1', '0', '1', 50),
(46894, '202200046894', 4, 'SOCIETE FRANCAISE (RUE DE LA)', '0', 'N/A', '2', '1', '0', '1', '(1)', '(1)', '1', '', ' -1', '1', '0', '1', 50),
(47106, '202200047106', 3, 'CHAILLOT (AVENUE DE)', '0', 'N/A', '2', '2', '0', '1', '2', '143', '3', '', ' -1', '1', '5', '1', 50),
(47304, '202200047304', 3, '925', '0', 'N/A', '2', '2', '0', '1', '12', '550', '1', '', ' -1', '1', '5', '1', 90),
(49021, '202200049021', 4, 'N/A', ' -1', 'N/A', '2', '2', '0', '2', '(1)', '(1)', '3', '', '5', '1', '0', '1', 70),
(49213, '202200049213', 3, 'RD955', '0', 'N/A', '2', '2', '0', '1', '41', '650', '1', '', ' -1', '1', '0', '1', 90),
(49278, '202200049278', 3, '108', ' -1', 'N/A', '2', '2', '0', '1', '6', '700', '1', '', ' -1', '1', '0', '1', 80),
(49509, '202200049509', 3, '176', ' -1', 'N/A', '2', '2', '0', '1', '4', '170', '3', '', ' -1', '2', '0', '1', 70),
(49608, '202200049608', 3, 'BOURGES (ROUTE DE)', '0', 'N/A', '2', '2', '0', '1', '88', '0', '1', '', ' -1', '1', '0', '1', 70),
(50065, '202200050065', 3, '2', '0', 'D', '2', '2', '0', '2', '1', '33', '1', '', ' -1', '1', '0', '1', 50),
(50097, '202200050097', 4, 'MEDIANE (RUE)', '0', 'N/A', '1', '3', '0', '2', '(1)', '(1)', '1', '', ' -1', '2', '0', '1', 50),
(50231, '202200050231', 1, '71', ' -1', 'A', '3', '2', '0', '1', '205', '100', '1', '', ' -1', '1', '0', '1', 130),
(50686, '202200050686', 4, 'AURON (BOULEVARD D\')', '0', 'N/A', '3', '2', '3', '1', '(1)', '(1)', '2', '', ' -1', '2', '0', '6', 50),
(51098, '202200051098', 4, 'PONTS ( RUE DES )', '0', 'N/A', '2', '1', '2', '1', '(1)', '(1)', '1', '', ' -1', '1', '0', '5', 50),
(51102, '202200051102', 3, 'ORLEANS (ROUTE D\')', '0', 'N/A', '1', '1', '0', '1', '63', '305', '1', '', ' -1', '1', '0', '1', 50),
(51442, '202200051442', 4, 'BLANQUI (RUE)', '0', 'N/A', '2', '2', '0', '1', '(1)', '(1)', '1', '', ' -1', '1', '0', '1', 50),
(52019, '202200052019', 2, '151', ' -1', 'N/A', '2', '2', '0', '2', '66', '850', '1', '', ' -1', '1', '0', '1', 50),
(52061, '202200052061', 3, '26', ' -1', 'D', '2', '2', '0', '1', '16', '200', '1', '', ' -1', '1', '0', '1', 80),
(52257, '202200052257', 4, 'SAINTE-HELENE (ALLEE)', '0', 'N/A', '2', '1', '3', '1', '(1)', '(1)', '1', '', ' -1', '1', '6', '1', 50),
(52422, '202200052422', 3, '117', '0', 'N/A', '2', '2', '0', '1', '1', '300', '2', '', ' -1', '1', '0', '1', 80),
(52966, '202200052966', 4, 'ARDILLAT (CHEMIN DE L\')', '0', 'N/A', '2', '2', '0', '1', '(1)', '(1)', '1', '', ' -1', '1', '0', '1', 50),
(53301, '202200053301', 3, '27', ' -1', 'N/A', '3', '2', '0', '1', '9', '100', '2', '', ' -1', '1', '0', '1', 80),
(53709, '202200053709', 3, '10', ' -1', 'N/A', '2', '2', '0', '2', '3', '100', '2', '', '5', '1', '0', '3', 70),
(54190, '202200054190', 1, '71', '0', 'A', '3', '4', '0', '1', '224', '350', '3', '', ' -1', '1', '0', '3', 130),
(54298, '202200054298', 3, '41', '0', 'N/A', '2', '1', '0', '1', '17', '130', '1', '', '3', '1', '0', '1', 50),
(54571, '202200054571', 3, '65', ' -1', 'N/A', ' -1', '2', '0', '1', '18', '200', '1', '', ' -1', '1', '0', '1', 80),
(55242, '202200055242', 3, '8', '0', 'N/A', '2', '2', '0', '1', '8', '700', '1', '', ' -1', '1', '0', '3', 80),
(55292, '202200055292', 3, '27', '0', 'N/A', '2', '2', '0', '1', '11', '595', '2', '', ' -1', '2', '0', '3', 50);

-- --------------------------------------------------------

--
-- Table structure for table `sae303_usager`
--

CREATE TABLE `sae303_usager` (
  `id_usager` varchar(9) NOT NULL,
  `Num_Acc` varchar(12) DEFAULT NULL,
  `id_vehicule` varchar(7) DEFAULT NULL,
  `num_veh` varchar(4) DEFAULT NULL,
  `place` varchar(3) DEFAULT NULL,
  `catu` int(1) DEFAULT NULL,
  `grav` varchar(3) DEFAULT NULL,
  `sexe` varchar(3) DEFAULT NULL,
  `an_nais` varchar(4) DEFAULT NULL,
  `trajet` varchar(3) DEFAULT NULL,
  `secu1` varchar(3) DEFAULT NULL,
  `secu2` varchar(3) DEFAULT NULL,
  `secu3` varchar(3) DEFAULT NULL,
  `locp` varchar(3) DEFAULT NULL,
  `actp` varchar(3) DEFAULT NULL,
  `etatp` varchar(3) DEFAULT NULL
) ENGINE=InnoDB DEFAULT CHARSET=utf8;

--
-- Dumping data for table `sae303_usager`
--

INSERT INTO `sae303_usager` (`id_usager`, `Num_Acc`, `id_vehicule`, `num_veh`, `place`, `catu`, `grav`, `sexe`, `an_nais`, `trajet`, `secu1`, `secu2`, `secu3`, `locp`, `actp`, `etatp`) VALUES
('1 000 123', '202200041855', '739 431', 'A01', '1', 1, '3', '2', '1974', '0', '1', '-1', '-1', '0', '0', '-1'),
('1 000 266', '202200041788', '739 536', 'B01', '1', 1, '4', '1', '1965', '5', '1', '0', '-1', '-1', '-1', '-1'),
('1 000 267', '202200041788', '739 537', 'A01', '1', 1, '1', '1', '2000', '4', '1', '8', '-1', '-1', '-1', '-1'),
('1 001 255', '202200041396', '740 229', 'A01', '1', 1, '4', '1', '1966', '0', '1', '-1', '-1', '0', '0', '-1'),
('1 001 257', '202200041395', '740 230', 'A01', '1', 1, '3', '1', '2005', '5', '2', '-1', '-1', '0', '0', '-1'),
('1 003 238', '202200040553', '741 703', 'A01', '1', 1, '3', '1', '1977', '5', '2', '6', '-1', '0', '0', '-1'),
('1 003 242', '202200040553', '741 706', 'B01', '1', 1, '4', '1', '1969', '1', '1', '-1', '-1', '0', '0', '-1'),
('1 005 669', '202200039534', '743 476', 'B01', '1', 1, '4', '1', '2000', '9', '8', '0', '-1', '-1', '-1', '-1'),
('1 005 671', '202200039534', '743 478', 'A01', '1', 1, '1', '1', '1987', '9', '8', '0', '-1', '-1', '-1', '-1'),
('1 005 764', '202200039492', '743 551', 'A01', '10', 3, '4', '1', '1961', '5', '0', '-1', '-1', '4', '3', '1'),
('1 005 765', '202200039492', '743 551', 'A01', '1', 1, '1', '2', '1998', '5', '1', '0', '-1', '-1', '-1', '-1'),
('1 006 066', '202200039368', '743 783', 'B01', '1', 1, '1', '1', '1971', '4', '1', '-1', '-1', '0', '0', '-1'),
('1 006 067', '202200039368', '743 784', 'A01', '1', 1, '4', '2', '1932', '5', '1', '-1', '-1', '0', '0', '-1'),
('1 007 990', '202200038561', '745 209', 'A01', '10', 3, '3', '2', '1940', '5', '0', '-1', '-1', '2', '2', '1'),
('1 007 991', '202200038561', '745 209', 'A01', '1', 1, '1', '2', '1965', '5', '1', '-1', '-1', '0', '0', '-1'),
('1 008 916', '202200038191', '745 895', 'B01', '1', 1, '4', '1', '1946', '5', '8', '0', '-1', '-1', '-1', '-1'),
('1 008 918', '202200038191', '745 897', 'A01', '1', 1, '1', '1', '1996', '5', '1', '0', '-1', '-1', '-1', '-1'),
('1 009 161', '202200038091', '746 083', 'A01', '1', 1, '3', '1', '1940', '3', '1', '-1', '-1', '0', '0', '-1'),
('1 009 256', '202200038045', '746 157', 'B01', '1', 1, '1', '2', '1943', '0', '1', '-1', '-1', '0', '0', '-1'),
('1 009 257', '202200038045', '746 159', 'A01', '1', 1, '3', '2', '1966', '0', '1', '-1', '-1', '0', '0', '-1'),
('1 012 004', '202200036882', '748 238', 'A01', '1', 1, '3', '1', '1952', '5', '1', '-1', '-1', '0', '0', '-1'),
('1 014 337', '202200035912', '749 936', 'A01', '1', 1, '4', '1', '1997', '5', '2', '6', '-1', '0', '0', '-1'),
('1 016 556', '202200034965', '751 662', 'A01', '1', 1, '3', '1', '1970', '1', '1', '-1', '-1', '0', '0', '-1'),
('1 016 562', '202200034965', '751 667', 'B01', '1', 1, '4', '1', '1988', '9', '1', '-1', '-1', '0', '0', '-1'),
('1 017 131', '202200034725', '752 078', 'A01', '1', 1, '3', '1', '1975', '5', '1', '-1', '-1', '0', '0', '-1'),
('1 017 301', '202200034656', '752 203', 'B01', '1', 1, '1', '1', '2000', '4', '1', '-1', '-1', '0', '0', '-1'),
('1 017 302', '202200034656', '752 204', 'A01', '1', 1, '4', '1', '1967', '1', '1', '-1', '-1', '0', '0', '-1'),
('1 017 306', '202200034656', '752 207', 'C01', '1', 1, '1', '1', '1954', '5', '1', '-1', '-1', '0', '0', '-1'),
('1 018 765', '202200034075', '753 247', 'A01', '1', 1, '4', '2', '1969', '0', '0', '-1', '-1', '0', '0', '-1'),
('1 019 890', '202200033598', '754 073', 'A01', '1', 1, '1', '2', '1986', '5', '1', '0', '-1', '-1', '-1', '-1'),
('1 019 891', '202200033598', '754 074', 'B01', '1', 1, '4', '1', '2005', '5', '2', '0', '-1', '-1', '-1', '-1'),
('1 020 101', '202200033511', '754 222', 'A01', '1', 1, '3', '2', '2000', '5', '1', '-1', '-1', '0', '0', '-1'),
('1 020 981', '202200033122', '754 893', 'B01', '1', 1, '1', '2', '1989', '0', '1', '-1', '-1', '0', '0', '-1'),
('1 020 986', '202200033122', '754 898', 'A01', '1', 1, '4', '1', '2009', '5', '0', '-1', '-1', '0', '0', '-1'),
('1 021 642', '202200032837', '755 389', 'A01', '1', 1, '3', '2', '1995', '0', '1', '-1', '-1', '0', '0', '-1'),
('1 021 644', '202200032837', '755 390', 'B01', '1', 1, '2', '1', '2003', '9', '2', '6', '-1', '0', '0', '-1'),
('1 023 923', '202200031925', '757 024', 'A01', '1', 1, '2', '1', '1972', '5', '1', '-1', '-1', '0', '0', '-1'),
('1 024 605', '202200031650', '757 547', 'A01', '1', 1, '3', '1', '1945', '5', '2', '-1', '-1', '0', '0', '-1'),
('1 024 833', '202200031554', '757 732', 'B01', '1', 1, '4', '1', '2002', '5', '2', '6', '-1', '0', '0', '-1'),
('1 024 834', '202200031554', '757 733', 'A01', '1', 1, '1', '1', '1964', '3', '1', '-1', '-1', '0', '0', '-1'),
('1 024 939', '202200031509', '757 801', 'B01', '1', 1, '1', '1', '1966', '4', '1', '-1', '-1', '0', '0', '-1'),
('1 024 941', '202200031509', '757 803', 'A01', '1', 1, '3', '1', '1987', '0', '2', '6', '-1', '0', '0', '-1'),
('1 026 011', '202200031060', '758 592', 'B01', '1', 1, '2', '1', '2006', '5', '2', '6', '-1', '0', '0', '-1'),
('1 026 012', '202200031060', '758 593', 'A01', '1', 1, '1', '1', '1996', '5', '1', '-1', '-1', '0', '0', '-1'),
('1 028 206', '202200030120', '760 278', 'A01', '1', 1, '4', '1', '1966', '4', '1', '-1', '-1', '0', '0', '-1'),
('1 028 207', '202200030120', '760 279', 'B01', '1', 1, '1', '1', '1987', '4', '1', '-1', '-1', '0', '0', '-1'),
('1 028 470', '202200030011', '760 471', 'A01', '1', 1, '2', '1', '1984', '1', '1', '-1', '-1', '0', '0', '-1'),
('1 028 472', '202200030011', '760 472', 'B01', '1', 1, '1', '1', '1969', '4', '1', '-1', '-1', '0', '0', '-1'),
('1 028 947', '202200029804', '760 839', 'A01', '10', 3, '4', '1', '2018', '0', '0', '-1', '-1', '2', '3', '2'),
('1 028 948', '202200029804', '760 839', 'A01', '1', 1, '4', '2', '1955', '1', '1', '8', '-1', '0', '0', '-1'),
('1 029 772', '202200029457', '761 447', 'B01', '1', 1, '3', '1', '2004', '5', '2', '-1', '-1', '0', '0', '-1'),
('1 029 778', '202200029457', '761 450', 'A01', '1', 1, '4', '1', '2004', '5', '0', '-1', '-1', '0', '0', '-1'),
('1 029 975', '202200029370', '761 605', 'B01', '1', 1, '4', '1', '1952', '9', '1', '-1', '-1', '0', '0', '-1'),
('1 029 976', '202200029370', '761 606', 'A01', '1', 1, '1', '1', '1991', '5', '1', '-1', '-1', '0', '0', '-1'),
('1 031 038', '202200028912', '762 424', 'B01', '1', 1, '3', '1', '2003', '9', '2', '6', '-1', '-1', '-1', '-1'),
('1 031 040', '202200028912', '762 426', 'A01', '1', 1, '1', '1', '1967', '1', '1', '0', '-1', '-1', '-1', '-1'),
('1 032 144', '202200028444', '763 260', 'B01', '1', 1, '4', '1', '1999', '0', '2', '0', '-1', '0', '0', '-1'),
('1 032 145', '202200028444', '763 261', 'A01', '2', 2, '1', '2', '2003', '0', '1', '0', '-1', '0', '0', '-1'),
('1 032 146', '202200028444', '763 261', 'A01', '1', 1, '1', '2', '2003', '0', '1', '0', '-1', '0', '0', '-1'),
('1 032 502', '202200028287', '763 531', 'A01', '1', 1, '3', '1', '1957', '5', '1', '-1', '-1', '0', '0', '-1'),
('1 032 503', '202200028287', '763 532', 'B01', '1', 1, '1', '1', '2002', '3', '1', '-1', '-1', '0', '0', '-1'),
('1 034 643', '202200027383', '765 184', 'A01', '1', 1, '1', '1', '1985', '0', '1', '0', '-1', '0', '0', '-1'),
('1 034 644', '202200027383', '765 184', 'A01', '2', 2, '4', '2', '1995', '0', '1', '0', '-1', '0', '0', '-1'),
('1 034 646', '202200027383', '765 184', 'A01', '2', 2, '1', '1', '2016', '0', '3', '0', '-1', '0', '0', '-1'),
('1 035 408', '202200027055', '765 786', 'B01', '1', 1, '3', '1', '1954', '5', '2', '-1', '-1', '0', '0', '-1'),
('1 035 409', '202200027055', '765 787', 'A01', '1', 1, '1', '1', '1987', '1', '1', '-1', '-1', '0', '0', '-1'),
('1 035 777', '202200026914', '766 040', 'A01', '1', 1, '1', '1', '1982', '5', '1', '0', '-1', '-1', '-1', '-1'),
('1 035 778', '202200026914', '766 041', 'B01', '1', 1, '3', '1', '2005', '5', '2', '8', '-1', '-1', '-1', '-1'),
('1 038 721', '202200025713', '768 249', 'B01', '1', 1, '3', '1', '1989', '5', '8', '-1', '-1', '0', '0', '-1'),
('1 038 722', '202200025713', '768 249', 'B01', '2', 2, '2', '1', '1984', '5', '8', '-1', '-1', '0', '0', '-1'),
('1 038 723', '202200025713', '768 250', 'A01', '1', 1, '1', '1', '1983', '5', '1', '-1', '-1', '0', '0', '-1'),
('1 038 724', '202200025713', '768 250', 'A01', '2', 2, '1', '2', '1983', '5', '1', '-1', '-1', '0', '0', '-1'),
('1 039 439', '202200025410', '768 801', 'A01', '2', 2, '4', '2', '1971', '5', '2', '6', '9', '0', '0', '-1'),
('1 039 441', '202200025410', '768 801', 'A01', '1', 1, '4', '1', '1967', '5', '2', '6', '9', '0', '0', '-1'),
('1 039 552', '202200025352', '768 894', 'A01', '1', 1, '1', '1', '1984', '2', '1', '5', '-1', '0', '0', '-1'),
('1 039 554', '202200025352', '768 894', 'A01', '7', 2, '1', '2', '2020', '2', '1', '3', '-1', '0', '0', '-1'),
('1 039 557', '202200025352', '768 894', 'A01', '9', 2, '1', '1', '2017', '2', '3', '1', '-1', '0', '0', '-1'),
('1 039 559', '202200025352', '768 894', 'A01', '2', 2, '3', '2', '1984', '2', '1', '5', '-1', '0', '0', '-1'),
('1 039 561', '202200025352', '768 898', 'B01', '1', 1, '1', '1', '1995', '0', '1', '5', '-1', '0', '0', '-1'),
('1 040 375', '202200025005', '769 526', 'A01', '1', 1, '3', '1', '1976', '5', '1', '-1', '-1', '0', '0', '-1'),
('1 041 163', '202200024675', '770 116', 'A01', '1', 1, '1', '2', '1968', '5', '1', '-1', '-1', '0', '0', '-1'),
('1 041 166', '202200024675', '770 118', 'B01', '1', 1, '3', '1', '1981', '5', '2', '-1', '-1', '0', '0', '-1'),
('1 041 348', '202200024603', '770 247', 'A01', '1', 1, '1', '1', '1985', '5', '1', '-1', '-1', '0', '0', '-1'),
('1 041 349', '202200024603', '770 247', 'A01', '10', 3, '2', '1', '1990', '5', '0', '-1', '-1', '1', '3', '2'),
('1 042 329', '202200024199', '770 957', 'A01', '1', 1, '2', '1', '1992', '5', '1', '-1', '-1', '0', '0', '-1'),
('1 042 333', '202200024198', '770 961', 'B01', '1', 1, '4', '1', '1981', '5', '1', '-1', '-1', '0', '0', '-1'),
('1 042 335', '202200024198', '770 964', 'A01', '1', 1, '3', '1', '1987', '5', '1', '-1', '-1', '0', '0', '-1'),
('1 043 705', '202200023589', '772 021', 'B01', '1', 1, '1', '2', '1963', '5', '1', '-1', '-1', '0', '0', '-1'),
('1 043 707', '202200023589', '772 023', 'A01', '1', 1, '3', '1', '2006', '5', '2', '6', '-1', '0', '0', '-1'),
('1 043 722', '202200023582', '772 035', 'B01', '1', 1, '1', '-1', '', '-1', '-1', '-1', '-1', '-1', '-1', '-1'),
('1 043 724', '202200023582', '772 038', 'A01', '1', 1, '3', '2', '1998', '3', '1', '-1', '-1', '0', '0', '-1'),
('1 044 037', '202200023454', '772 265', 'A01', '1', 1, '4', '2', '1968', '1', '2', '6', '-1', '-1', '-1', '-1'),
('1 044 038', '202200023454', '772 266', 'B01', '1', 1, '1', '2', '1975', '0', '1', '0', '-1', '-1', '-1', '-1'),
('1 044 039', '202200023454', '772 267', 'C01', '1', 1, '1', '2', '1952', '0', '1', '0', '-1', '-1', '-1', '-1'),
('1 044 242', '202200023375', '772 412', 'B01', '1', 1, '3', '1', '1977', '1', '2', '8', '-1', '-1', '-1', '-1'),
('1 044 243', '202200023375', '772 413', 'A01', '3', 2, '1', '2', '1938', '5', '1', '8', '-1', '-1', '-1', '-1'),
('1 044 244', '202200023375', '772 413', 'A01', '2', 2, '1', '1', '1962', '5', '1', '8', '-1', '-1', '-1', '-1'),
('1 044 245', '202200023375', '772 413', 'A01', '1', 1, '1', '2', '1960', '5', '1', '8', '-1', '-1', '-1', '-1'),
('1 044 862', '202200023122', '772 856', 'A01', '10', 3, '3', '2', '1970', '9', '0', '-1', '-1', '1', '1', '1'),
('1 044 863', '202200023122', '772 856', 'A01', '1', 1, '1', '2', '1962', '1', '1', '-1', '-1', '0', '0', '-1'),
('1 045 103', '202200023023', '773 025', 'C01', '1', 1, '4', '1', '1964', '5', '1', '-1', '-1', '0', '0', '-1'),
('1 045 105', '202200023023', '773 026', 'B01', '1', 1, '1', '2', '1966', '5', '1', '-1', '-1', '0', '0', '-1'),
('1 045 106', '202200023023', '773 027', 'A01', '1', 1, '3', '2', '1943', '3', '1', '-1', '-1', '0', '0', '-1'),
('1 046 492', '202200022437', '774 047', 'B01', '2', 2, '1', '1', '1963', '5', '1', '-1', '-1', '0', '0', '-1'),
('1 046 494', '202200022437', '774 047', 'B01', '7', 2, '1', '2', '2015', '5', '1', '-1', '-1', '0', '0', '-1'),
('1 046 495', '202200022437', '774 047', 'B01', '9', 2, '1', '2', '2010', '5', '1', '-1', '-1', '0', '0', '-1'),
('1 046 497', '202200022437', '774 047', 'B01', '1', 1, '4', '2', '1989', '5', '1', '-1', '-1', '0', '0', '-1'),
('1 046 500', '202200022437', '774 050', 'A01', '1', 1, '1', '1', '1990', '5', '1', '-1', '-1', '0', '0', '-1'),
('1 046 508', '202200022433', '774 058', 'A01', '7', 2, '1', '1', '2016', '5', '1', '-1', '-1', '0', '0', '-1'),
('1 046 510', '202200022433', '774 058', 'A01', '2', 2, '1', '2', '1974', '5', '1', '-1', '-1', '0', '0', '-1'),
('1 046 511', '202200022433', '774 058', 'A01', '1', 1, '1', '1', '1971', '5', '1', '-1', '-1', '0', '0', '-1'),
('1 046 512', '202200022433', '774 059', 'B01', '1', 1, '1', '1', '1965', '5', '1', '-1', '-1', '0', '0', '-1'),
('1 046 513', '202200022433', '774 059', 'B01', '2', 2, '1', '2', '1966', '5', '1', '-1', '-1', '0', '0', '-1'),
('1 046 516', '202200022433', '774 063', 'C01', '1', 1, '1', '1', '1983', '5', '1', '-1', '-1', '0', '0', '-1'),
('1 046 519', '202200022433', '774 063', 'C01', '2', 2, '4', '2', '1986', '5', '1', '-1', '-1', '0', '0', '-1'),
('1 046 521', '202200022433', '774 063', 'C01', '9', 2, '4', '1', '2019', '5', '1', '-1', '-1', '0', '0', '-1'),
('1 047 205', '202200022170', '774 545', 'A01', '1', 1, '4', '1', '2007', '5', '2', '8', '-1', '0', '0', '-1'),
('1 048 040', '202200021822', '775 149', 'A01', '1', 1, '2', '1', '2007', '5', '2', '6', '-1', '0', '0', '-1'),
('1 048 043', '202200021820', '775 152', 'A01', '1', 1, '3', '2', '1979', '4', '1', '-1', '-1', '0', '0', '-1'),
('1 048 045', '202200021820', '775 153', 'C01', '1', 1, '1', '1', '1993', '4', '1', '-1', '-1', '0', '0', '-1'),
('1 048 046', '202200021820', '775 154', 'B01', '1', 1, '1', '1', '1969', '4', '1', '-1', '-1', '0', '0', '-1'),
('1 048 116', '202200021790', '775 202', 'B01', '1', 1, '3', '1', '1963', '1', '2', '8', '-1', '-1', '-1', '-1'),
('1 048 117', '202200021790', '775 204', 'A01', '1', 1, '1', '2', '2000', '1', '1', '4', '-1', '-1', '-1', '-1'),
('1 048 120', '202200021787', '775 207', 'B01', '1', 1, '3', '1', '1958', '0', '8', '0', '-1', '0', '0', '-1'),
('1 048 125', '202200021787', '775 210', 'C01', '1', 1, '1', '1', '1996', '0', '1', '0', '-1', '0', '0', '-1'),
('1 048 126', '202200021787', '775 212', 'A01', '1', 1, '1', '1', '1978', '9', '1', '0', '-1', '0', '0', '-1'),
('1 048 673', '202200021572', '775 625', 'A01', '1', 1, '3', '2', '2003', '1', '1', '-1', '-1', '0', '0', '-1'),
('1 050 093', '202200020962', '776 687', 'A01', '1', 1, '2', '1', '1985', '0', '2', '8', '-1', '-1', '-1', '-1'),
('1 050 095', '202200020962', '776 689', 'B01', '1', 1, '1', '1', '1979', '0', '1', '0', '-1', '-1', '-1', '-1'),
('1 050 376', '202200020860', '776 878', 'A01', '1', 1, '4', '1', '2007', '5', '2', '6', '-1', '0', '0', '-1'),
('1 050 377', '202200020859', '776 880', 'A01', '10', 3, '4', '2', '1956', '3', '0', '-1', '-1', '2', 'A', '1'),
('1 050 378', '202200020859', '776 880', 'A01', '1', 1, '1', '1', '1943', '3', '8', '-1', '-1', '0', '0', '-1'),
('1 050 381', '202200020858', '776 881', 'A01', '2', 2, '3', '2', '1932', '5', '1', '-1', '-1', '0', '0', '-1'),
('1 050 382', '202200020858', '776 881', 'A01', '1', 1, '4', '1', '1931', '5', '1', '-1', '-1', '0', '0', '-1'),
('1 050 383', '202200020858', '776 882', 'B01', '1', 1, '1', '1', '1988', '4', '1', '-1', '-1', '0', '0', '-1'),
('1 050 860', '202200020650', '777 252', 'A01', '1', 1, '2', '1', '2005', '5', '2', '6', '-1', '0', '0', '-1'),
('1 050 864', '202200020648', '777 256', 'A01', '2', 2, '1', '2', '1987', '9', '1', '-1', '-1', '0', '0', '-1'),
('1 050 866', '202200020648', '777 256', 'A01', '7', 2, '1', '1', '2021', '9', '9', '-1', '-1', '0', '0', '-1'),
('1 050 867', '202200020648', '777 256', 'A01', '1', 1, '3', '1', '1986', '9', '1', '-1', '-1', '0', '0', '-1'),
('1 053 282', '202200019630', '779 072', 'A01', '1', 1, '4', '1', '2001', '5', '2', '6', '-1', '0', '0', '-1'),
('1 053 489', '202200019539', '779 230', 'A01', '2', 2, '4', '1', '2006', '5', '2', '6', '-1', '0', '0', '-1'),
('1 053 490', '202200019539', '779 230', 'A01', '1', 1, '4', '1', '2006', '5', '2', '6', '-1', '0', '0', '-1'),
('1 055 009', '202200018886', '780 352', 'A01', '2', 2, '4', '1', '1986', '5', '1', '-1', '-1', '0', '0', '-1'),
('1 055 010', '202200018886', '780 352', 'A01', '1', 1, '4', '1', '1950', '5', '1', '-1', '-1', '0', '0', '-1'),
('1 055 039', '202200018875', '780 368', 'A01', '1', 1, '3', '1', '1963', '5', '0', '-1', '-1', '0', '0', '-1'),
('1 055 771', '202200018572', '780 940', 'B01', '1', 1, '4', '1', '2016', '5', '8', '0', '-1', '-1', '-1', '-1'),
('1 055 773', '202200018572', '780 942', 'A01', '1', 1, '1', '2', '2001', '0', '1', '0', '-1', '-1', '-1', '-1'),
('1 057 660', '202200017789', '782 366', 'A01', '2', 2, '1', '2', '1947', '5', '1', '-1', '-1', '0', '0', '-1'),
('1 057 661', '202200017789', '782 366', 'A01', '1', 1, '1', '1', '1955', '5', '1', '-1', '-1', '0', '0', '-1'),
('1 057 663', '202200017789', '782 368', 'B01', '1', 1, '3', '1', '1976', '5', '2', '6', '-1', '0', '0', '-1'),
('1 057 664', '202200017789', '782 368', 'B01', '2', 2, '3', '2', '1981', '5', '2', '6', '-1', '0', '0', '-1'),
('1 058 156', '202200017584', '782 740', 'A01', '4', 2, '3', '1', '1995', '0', '1', '0', '-1', '-1', '-1', '-1'),
('1 058 157', '202200017584', '782 740', 'A01', '2', 2, '2', '1', '1997', '0', '8', '0', '-1', '-1', '-1', '-1'),
('1 058 158', '202200017584', '782 740', 'A01', '1', 1, '2', '1', '1992', '0', '8', '0', '-1', '-1', '-1', '-1'),
('1 058 317', '202200017515', '782 863', 'A01', '2', 2, '4', '1', '1959', '5', '1', '-1', '-1', '0', '0', '-1'),
('1 058 319', '202200017515', '782 863', 'A01', '1', 1, '1', '1', '1962', '5', '1', '-1', '-1', '0', '0', '-1'),
('1 058 321', '202200017515', '782 866', 'B01', '1', 1, '1', '1', '1955', '5', '1', '-1', '-1', '0', '0', '-1'),
('1 058 323', '202200017515', '782 866', 'B01', '2', 2, '3', '2', '1961', '5', '1', '-1', '-1', '0', '0', '-1'),
('1 058 550', '202200017403', '783 047', 'B01', '3', 2, '4', '1', '1957', '5', '1', '0', '-1', '-1', '-1', '-1'),
('1 058 552', '202200017403', '783 047', 'B01', '4', 2, '1', '1', '1959', '5', '1', '0', '-1', '-1', '-1', '-1'),
('1 058 554', '202200017403', '783 047', 'B01', '2', 2, '1', '1', '1964', '5', '1', '0', '-1', '-1', '-1', '-1'),
('1 058 555', '202200017403', '783 047', 'B01', '1', 1, '1', '2', '1965', '5', '1', '0', '-1', '0', '0', '-1'),
('1 058 557', '202200017403', '783 049', 'A01', '1', 1, '1', '2', '1995', '5', '1', '8', '-1', '0', '0', '-1'),
('1 058 847', '202200017290', '783 258', 'A01', '1', 1, '4', '1', '2007', '5', '2', '0', '-1', '0', '0', '-1'),
('1 058 849', '202200017290', '783 260', 'B01', '1', 1, '3', '1', '2007', '5', '2', '0', '-1', '0', '0', '-1'),
('1 059 929', '202200016828', '784 096', 'A01', '1', 1, '1', '1', '1996', '2', '1', '0', '-1', '-1', '-1', '-1'),
('1 059 931', '202200016828', '784 098', 'B01', '1', 1, '4', '2', '2002', '2', '1', '0', '-1', '-1', '-1', '-1'),
('1 060 360', '202200016650', '784 414', 'B01', '2', 2, '3', '2', '1967', '5', '2', '6', '-1', '0', '0', '-1'),
('1 060 361', '202200016650', '784 414', 'B01', '1', 1, '4', '1', '1967', '5', '2', '6', '-1', '0', '0', '-1'),
('1 060 363', '202200016650', '784 417', 'A01', '1', 1, '1', '1', '1983', '0', '1', '-1', '-1', '0', '0', '-1'),
('1 060 368', '202200016646', '784 421', 'A01', '1', 1, '4', '2', '1993', '5', '1', '-1', '-1', '0', '0', '-1'),
('1 062 419', '202200015792', '785 951', 'A01', '2', 2, '1', '1', '2010', '2', '1', '-1', '-1', '0', '0', '-1'),
('1 062 420', '202200015792', '785 951', 'A01', '7', 2, '1', '2', '2010', '2', '1', '-1', '-1', '0', '0', '-1'),
('1 062 422', '202200015792', '785 951', 'A01', '7', 2, '4', '2', '2008', '2', '1', '-1', '-1', '0', '0', '-1'),
('1 062 424', '202200015792', '785 951', 'A01', '9', 2, '1', '1', '2008', '2', '1', '-1', '-1', '0', '0', '-1'),
('1 062 425', '202200015792', '785 951', 'A01', '2', 2, '1', '2', '2009', '2', '1', '-1', '-1', '0', '0', '-1'),
('1 062 426', '202200015792', '785 951', 'A01', '9', 2, '1', '1', '2007', '2', '1', '-1', '-1', '0', '0', '-1'),
('1 062 427', '202200015792', '785 951', 'A01', '8', 2, '1', '2', '2006', '2', '1', '-1', '-1', '0', '0', '-1'),
('1 062 429', '202200015792', '785 951', 'A01', '9', 2, '1', '1', '2009', '2', '1', '-1', '-1', '0', '0', '-1'),
('1 062 430', '202200015792', '785 951', 'A01', '5', 2, '4', '2', '2009', '2', '1', '-1', '-1', '0', '0', '-1'),
('1 062 432', '202200015792', '785 951', 'A01', '4', 2, '1', '2', '2009', '2', '1', '-1', '-1', '0', '0', '-1'),
('1 062 433', '202200015792', '785 951', 'A01', '7', 2, '1', '1', '2005', '2', '1', '-1', '-1', '0', '0', '-1'),
('1 062 434', '202200015792', '785 951', 'A01', '7', 2, '1', '2', '2010', '2', '1', '-1', '-1', '0', '0', '-1'),
('1 062 435', '202200015792', '785 951', 'A01', '9', 2, '4', '1', '2010', '2', '1', '-1', '-1', '0', '0', '-1'),
('1 062 436', '202200015792', '785 951', 'A01', '7', 2, '1', '1', '2010', '2', '1', '-1', '-1', '0', '0', '-1'),
('1 062 437', '202200015792', '785 951', 'A01', '1', 1, '1', '1', '1979', '4', '1', '-1', '-1', '0', '0', '-1'),
('1 063 147', '202200015486', '786 485', 'A01', '1', 1, '3', '1', '1989', '0', '1', '-1', '-1', '0', '0', '-1'),
('1 064 336', '202200014984', '787 369', 'A01', '10', 3, '2', '1', '1937', '0', '0', '-1', '-1', '1', '3', '1'),
('1 064 337', '202200014984', '787 369', 'A01', '1', 1, '1', '1', '2003', '1', '1', '-1', '-1', '0', '0', '-1'),
('1 065 312', '202200014573', '788 097', 'B01', '1', 1, '2', '2', '1951', '0', '1', '-1', '-1', '0', '0', '-1'),
('1 065 314', '202200014573', '788 099', 'A01', '1', 1, '3', '1', '1996', '9', '1', '-1', '-1', '0', '0', '-1'),
('1 065 315', '202200014573', '788 099', 'A01', '2', 2, '1', '2', '2002', '9', '1', '-1', '-1', '0', '0', '-1'),
('1 066 346', '202200014147', '788 872', 'A01', '1', 1, '2', '1', '1995', '0', '2', '0', '-1', '-1', '-1', '-1'),
('1 066 530', '202200014065', '789 017', 'A01', '1', 1, '3', '1', '2001', '5', '2', '8', '-1', '0', '0', '-1'),
('1 066 532', '202200014065', '789 017', 'A01', '2', 2, '3', '1', '1997', '5', '2', '8', '-1', '0', '0', '-1'),
('1 066 865', '202200013937', '789 265', 'A01', '1', 1, '1', '1', '2002', '5', '8', '-1', '-1', '0', '0', '-1'),
('1 066 866', '202200013937', '789 265', 'A01', '2', 2, '2', '1', '2000', '5', '8', '-1', '-1', '0', '0', '-1'),
('1 067 090', '202200013856', '789 398', 'A01', '1', 1, '1', '2', '1961', '5', '1', '0', '-1', '-1', '-1', '-1'),
('1 067 091', '202200013856', '789 398', 'A01', '10', 3, '4', '2', '1944', '5', '0', '-1', '-1', '3', '3', '1'),
('1 067 601', '202200013645', '789 773', 'A01', '1', 1, '4', '1', '1985', '5', '2', '6', '-1', '0', '0', '-1'),
('1 068 498', '202200013231', '790 481', 'A01', '1', 1, '3', '2', '1969', '5', '1', '-1', '-1', '0', '0', '-1'),
('1 070 080', '202200012575', '791 630', 'A01', '1', 1, '4', '1', '1982', '0', '2', '6', '-1', '0', '0', '-1'),
('1 070 081', '202200012575', '791 631', 'B01', '1', 1, '4', '1', '1993', '5', '1', '-1', '-1', '0', '0', '-1'),
('1 070 175', '202200012537', '791 695', 'A01', '2', 2, '3', '2', '1945', '5', '1', '-1', '-1', '0', '0', '-1'),
('1 070 177', '202200012537', '791 695', 'A01', '1', 1, '4', '1', '1938', '5', '1', '-1', '-1', '0', '0', '-1'),
('1 071 177', '202200012111', '792 437', 'A01', '1', 1, '1', '1', '1995', '4', '1', '-1', '-1', '0', '0', '-1'),
('1 071 178', '202200012111', '792 437', 'A01', '10', 3, '3', '2', '1932', '3', '0', '-1', '-1', '3', '3', '1'),
('1 072 477', '202200011545', '793 405', 'A01', '1', 1, '3', '1', '2002', '5', '1', '-1', '-1', '0', '0', '-1'),
('1 072 478', '202200011544', '793 406', 'B01', '1', 1, '3', '1', '1994', '5', '1', '-1', '-1', '0', '0', '-1'),
('1 072 479', '202200011544', '793 406', 'B01', '2', 2, '4', '2', '1957', '5', '1', '-1', '-1', '0', '0', '-1'),
('1 072 480', '202200011544', '793 407', 'A01', '1', 1, '1', '1', '1973', '1', '1', '-1', '-1', '0', '0', '-1'),
('1 074 914', '202200010513', '795 276', 'A01', '1', 1, '3', '1', '1965', '1', '1', '-1', '-1', '0', '0', '-1'),
('1 074 915', '202200010513', '795 277', 'B01', '1', 1, '1', '1', '2000', '1', '1', '-1', '-1', '0', '0', '-1'),
('1 075 429', '202200010289', '795 678', 'B01', '1', 1, '3', '1', '1965', '9', '8', '0', '-1', '-1', '-1', '-1'),
('1 075 433', '202200010289', '795 681', 'A01', '1', 1, '1', '1', '2000', '9', '1', '0', '-1', '-1', '-1', '-1'),
('1 076 271', '202200009927', '796 310', 'A01', '1', 1, '3', '1', '2009', '5', '8', '0', '-1', '0', '0', '-1'),
('1 076 272', '202200009927', '796 311', 'B01', '1', 1, '1', '1', '1981', '5', '1', '0', '-1', '0', '0', '-1'),
('1 076 484', '202200009838', '796 463', 'A01', '1', 1, '1', '2', '1959', '5', '1', '-1', '-1', '0', '0', '-1'),
('1 076 485', '202200009838', '796 464', 'B01', '1', 1, '3', '1', '2012', '5', '0', '-1', '-1', '0', '0', '-1'),
('1 076 732', '202200009727', '796 651', 'A01', '10', 3, '3', '2', '1964', '5', '0', '-1', '-1', '3', '3', '1'),
('1 076 733', '202200009727', '796 651', 'A01', '1', 1, '1', '1', '1949', '0', '1', '0', '-1', '0', '0', '-1'),
('1 077 122', '202200009568', '796 932', 'A01', '1', 1, '1', '2', '1962', '1', '1', '-1', '-1', '0', '0', '-1'),
('1 077 125', '202200009568', '796 934', 'B01', '1', 1, '3', '1', '1954', '5', '4', '2', '-1', '0', '0', '-1'),
('1 079 217', '202200008681', '798 526', 'A01', '1', 1, '3', '2', '1973', '0', '1', '-1', '-1', '0', '0', '-1'),
('1 079 622', '202200008492', '798 848', 'B01', '1', 1, '4', '2', '1958', '5', '1', '-1', '-1', '0', '0', '-1'),
('1 079 623', '202200008492', '798 849', 'A01', '9', 2, '1', '1', '2013', '5', '3', '1', '-1', '0', '0', '-1'),
('1 079 624', '202200008492', '798 849', 'A01', '1', 1, '1', '2', '1982', '5', '1', '-1', '-1', '0', '0', '-1'),
('1 079 863', '202200008396', '799 018', 'A01', '9', 2, '3', '1', '1951', '9', '1', '-1', '-1', '0', '0', '-1'),
('1 079 864', '202200008396', '799 018', 'A01', '2', 2, '1', '1', '1966', '9', '1', '-1', '-1', '0', '0', '-1'),
('1 079 865', '202200008396', '799 018', 'A01', '1', 1, '4', '2', '1956', '9', '1', '-1', '-1', '0', '0', '-1'),
('1 080 540', '202200008100', '799 548', 'B01', '7', 2, '1', '2', '2019', '5', '8', '-1', '-1', '0', '0', '-1'),
('1 080 541', '202200008100', '799 548', 'B01', '2', 2, '4', '2', '1978', '5', '8', '-1', '-1', '0', '0', '-1'),
('1 080 543', '202200008100', '799 548', 'B01', '1', 1, '4', '1', '1981', '5', '8', '-1', '-1', '0', '0', '-1'),
('1 080 544', '202200008100', '799 550', 'A01', '1', 1, '1', '2', '1941', '5', '8', '-1', '-1', '0', '0', '-1'),
('1 080 545', '202200008100', '799 550', 'A01', '2', 2, '1', '1', '1936', '5', '8', '-1', '-1', '0', '0', '-1'),
('1 080 583', '202200008078', '799 586', 'A01', '1', 1, '3', '1', '1965', '1', '1', '-1', '-1', '0', '0', '-1'),
('1 080 585', '202200008078', '799 587', 'B01', '1', 1, '1', '2', '1966', '1', '1', '-1', '-1', '0', '0', '-1'),
('1 080 853', '202200007966', '799 783', 'A01', '1', 1, '2', '1', '2001', '0', '1', '0', '-1', '0', '0', '-1'),
('1 080 856', '202200007964', '799 786', 'B01', '1', 1, '4', '1', '1946', '5', '1', '0', '-1', '0', '0', '-1'),
('1 080 857', '202200007964', '799 787', 'A01', '3', 2, '1', '1', '2012', '5', '1', '0', '-1', '0', '0', '-1'),
('1 080 858', '202200007964', '799 787', 'A01', '5', 2, '1', '1', '2015', '5', '1', '0', '-1', '0', '0', '-1'),
('1 080 859', '202200007964', '799 787', 'A01', '4', 2, '1', '2', '2021', '5', '1', '0', '-1', '0', '0', '-1'),
('1 080 860', '202200007964', '799 787', 'A01', '2', 2, '1', '2', '1986', '5', '1', '0', '-1', '0', '0', '-1'),
('1 080 862', '202200007964', '799 787', 'A01', '1', 1, '1', '1', '1987', '5', '1', '0', '-1', '0', '0', '-1'),
('1 081 511', '202200007683', '800 293', 'C01', '1', 1, '1', '1', '1962', '4', '1', '-1', '-1', '0', '0', '-1'),
('1 081 512', '202200007683', '800 295', 'B01', '1', 1, '1', '1', '1971', '5', '1', '-1', '-1', '0', '0', '-1'),
('1 081 515', '202200007683', '800 297', 'A01', '1', 1, '3', '1', '1958', '1', '2', '6', '-1', '0', '0', '-1'),
('1 082 307', '202200007347', '800 903', 'A01', '1', 1, '3', '1', '1984', '5', '8', '0', '-1', '0', '0', '-1'),
('1 083 169', '202200006988', '801 552', 'B01', '1', 1, '3', '1', '1964', '9', '2', '6', '-1', '-1', '-1', '-1'),
('1 083 170', '202200006988', '801 553', 'Z01', '1', 1, '1', '1', '1987', '0', '8', '0', '-1', '-1', '-1', '-1'),
('1 083 221', '202200006964', '801 593', 'B01', '1', 1, '1', '1', '1979', '0', '1', '0', '-1', '0', '0', '-1'),
('1 083 222', '202200006964', '801 594', 'A01', '1', 1, '4', '2', '2009', '5', '8', '0', '-1', '0', '0', '-1'),
('1 085 028', '202200006204', '802 958', 'A01', '1', 1, '2', '2', '1948', '9', '1', '-1', '-1', '0', '0', '-1'),
('1 085 689', '202200005913', '803 477', 'B01', '1', 1, '3', '1', '1939', '0', '1', '-1', '-1', '0', '0', '-1'),
('1 085 691', '202200005913', '803 479', 'A01', '1', 1, '1', '1', '1942', '5', '9', '1', '-1', '0', '0', '-1'),
('1 085 768', '202200005876', '803 535', 'A01', '1', 1, '4', '1', '1999', '5', '2', '6', '-1', '0', '0', '-1'),
('1 085 769', '202200005876', '803 536', 'B01', '1', 1, '1', '1', '1972', '5', '1', '-1', '-1', '0', '0', '-1'),
('1 085 770', '202200005876', '803 536', 'B01', '2', 2, '1', '2', '1971', '5', '1', '-1', '-1', '0', '0', '-1'),
('1 086 260', '202200005690', '803 867', 'A01', '1', 1, '1', '1', '1976', '5', '1', '0', '-1', '0', '0', '-1'),
('1 086 261', '202200005690', '803 867', 'A01', '10', 3, '3', '1', '1971', '9', '0', '-1', '-1', '5', '9', '1'),
('1 086 373', '202200005638', '803 951', 'B01', '1', 1, '1', '1', '1975', '4', '1', '-1', '-1', '0', '0', '-1'),
('1 086 375', '202200005638', '803 953', 'A01', '1', 1, '1', '1', '1963', '5', '1', '-1', '-1', '0', '0', '-1'),
('1 086 378', '202200005638', '803 953', 'A01', '9', 2, '3', '1', '1959', '5', '1', '-1', '-1', '0', '0', '-1'),
('1 086 379', '202200005638', '803 953', 'A01', '2', 2, '4', '2', '1970', '5', '1', '-1', '-1', '0', '0', '-1'),
('1 086 380', '202200005638', '803 953', 'A01', '8', 2, '4', '1', '1959', '5', '1', '-1', '-1', '0', '0', '-1'),
('1 086 382', '202200005638', '803 953', 'A01', '7', 2, '4', '1', '2001', '5', '1', '-1', '-1', '0', '0', '-1'),
('1 086 925', '202200005403', '804 374', 'A01', '1', 1, '1', '1', '1989', '5', '1', '0', '-1', '0', '0', '-1'),
('1 086 926', '202200005403', '804 376', 'B01', '1', 1, '4', '2', '1993', '0', '1', '0', '-1', '0', '0', '-1'),
('1 090 592', '202200003850', '807 136', 'B01', '1', 1, '1', '1', '2003', '3', '8', '0', '-1', '-1', '-1', '-1'),
('1 090 593', '202200003850', '807 136', 'B01', '5', 2, '4', '2', '2003', '3', '8', '0', '-1', '-1', '-1', '-1'),
('1 090 596', '202200003850', '807 139', 'A01', '1', 1, '1', '2', '1990', '0', '1', '8', '-1', '-1', '-1', '-1'),
('1 090 598', '202200003850', '807 139', 'A01', '2', 2, '1', '1', '1988', '3', '1', '8', '-1', '-1', '-1', '-1'),
('1 090 603', '202200003843', '807 144', 'A01', '10', 3, '3', '2', '2003', '5', '0', '-1', '-1', '3', '3', '1'),
('1 090 605', '202200003843', '807 144', 'A01', '1', 1, '1', '1', '1952', '5', '8', '0', '-1', '-1', '-1', '-1'),
('1 093 701', '202200002546', '809 457', 'A01', '1', 1, '3', '1', '1949', '5', '2', '6', '-1', '0', '0', '-1'),
('1 094 431', '202200002239', '809 994', 'A01', '1', 1, '2', '1', '1993', '9', '1', '-1', '-1', '0', '0', '-1'),
('1 094 684', '202200002117', '810 186', 'A01', '1', 1, '3', '1', '1968', '9', '8', '-1', '-1', '0', '0', '-1'),
('1 095 113', '202200001932', '810 518', 'A01', '1', 1, '1', '-1', '', '-1', '-1', '-1', '-1', '-1', '-1', '-1'),
('1 095 115', '202200001932', '810 518', 'A01', '10', 3, '3', '2', '1970', '1', '8', '8', '-1', '4', '3', '1'),
('1 096 530', '202200001326', '811 568', 'A01', '1', 1, '1', '1', '1999', '4', '1', '-1', '-1', '0', '0', '-1'),
('1 096 531', '202200001326', '811 569', 'B01', '1', 1, '3', '1', '1995', '0', '1', '-1', '-1', '0', '0', '-1'),
('1 098 362', '202200000571', '812 966', 'A01', '1', 1, '1', '1', '1962', '0', '1', '-1', '-1', '0', '0', '-1'),
('1 098 364', '202200000571', '812 966', 'A01', '10', 3, '4', '1', '1985', '4', '4', '-1', '-1', '1', '9', '2'),
('1 098 536', '202200000495', '813 090', 'A01', '1', 1, '1', '2', '1968', '5', '1', '-1', '-1', '0', '0', '-1'),
('1 098 537', '202200000495', '813 090', 'A01', '10', 3, '4', '2', '1953', '5', '0', '-1', '-1', '3', '3', '1'),
('1 098 546', '202200000490', '813 096', 'A01', '1', 1, '4', '1', '1994', '5', '2', '6', '9', '0', '0', '-1'),
('1 098 548', '202200000490', '813 097', 'B01', '1', 1, '1', '1', '1986', '5', '1', '-1', '-1', '0', '0', '-1'),
('1 098 549', '202200000490', '813 097', 'B01', '3', 2, '1', '1', '2021', '5', '3', '-1', '-1', '0', '0', '-1'),
('1 098 550', '202200000490', '813 097', 'B01', '4', 2, '1', '1', '2017', '5', '1', '-1', '-1', '0', '0', '-1'),
('1 098 552', '202200000490', '813 097', 'B01', '5', 2, '1', '1', '2014', '5', '1', '-1', '-1', '0', '0', '-1'),
('1 098 554', '202200000490', '813 097', 'B01', '2', 2, '1', '2', '1986', '5', '1', '-1', '-1', '0', '0', '-1'),
('1 099 168', '202200000232', '813 559', 'A01', '1', 1, '3', '1', '2004', '9', '2', '-1', '-1', '0', '0', '-1'),
('1 099 169', '202200000232', '813 559', 'A01', '2', 2, '4', '1', '2007', '9', '2', '-1', '-1', '0', '0', '-1'),
('968 249', '202200055292', '715 644', 'A01', '1', 1, '1', '1', '1984', '5', '1', '-1', '-1', '0', '0', '-1'),
('968 250', '202200055292', '715 644', 'A01', '2', 2, '1', '1', '2003', '5', '1', '-1', '-1', '0', '0', '-1'),
('968 251', '202200055292', '715 644', 'A01', '9', 2, '4', '2', '2002', '5', '1', '-1', '-1', '0', '0', '-1'),
('968 252', '202200055292', '715 644', 'A01', '8', 2, '4', '2', '2000', '5', '1', '-1', '-1', '0', '0', '-1'),
('968 253', '202200055292', '715 644', 'A01', '2', 2, '2', '1', '1988', '5', '1', '-1', '-1', '0', '0', '-1'),
('968 357', '202200055242', '715 720', 'A01', '1', 1, '2', '1', '2000', '5', '0', '-1', '-1', '0', '0', '-1'),
('969 941', '202200054571', '716 921', 'B01', '1', 1, '1', '1', '1957', '5', '1', '-1', '-1', '0', '0', '-1'),
('969 947', '202200054571', '716 923', 'A01', '1', 1, '3', '1', '1959', '5', '0', '-1', '-1', '0', '0', '-1'),
('970 611', '202200054298', '717 431', 'A01', '2', 2, '1', '1', '1975', '5', '1', '-1', '-1', '0', '0', '-1'),
('970 615', '202200054298', '717 431', 'A01', '2', 2, '1', '1', '1979', '5', '8', '-1', '-1', '0', '0', '-1'),
('970 618', '202200054298', '717 431', 'A01', '1', 1, '1', '1', '1985', '5', '1', '-1', '-1', '0', '0', '-1'),
('970 626', '202200054298', '717 442', 'B01', '1', 1, '4', '2', '2002', '5', '1', '-1', '-1', '0', '0', '-1'),
('970 630', '202200054298', '717 442', 'B01', '2', 2, '4', '1', '1967', '5', '1', '-1', '-1', '0', '0', '-1'),
('970 849', '202200054190', '717 603', 'A01', '1', 1, '3', '1', '1949', '5', '1', '-1', '-1', '0', '0', '-1'),
('970 854', '202200054190', '717 603', 'A01', '2', 2, '3', '2', '1949', '5', '1', '-1', '-1', '0', '0', '-1'),
('972 053', '202200053709', '718 445', 'A01', '1', 1, '4', '1', '1989', '4', '8', '-1', '-1', '0', '0', '-1'),
('972 056', '202200053709', '718 445', 'A01', '8', 2, '4', '1', '1989', '4', '0', '-1', '-1', '0', '0', '-1'),
('972 059', '202200053709', '718 445', 'A01', '9', 2, '4', '1', '1991', '4', '0', '-1', '-1', '0', '0', '-1'),
('972 063', '202200053709', '718 445', 'A01', '2', 2, '4', '1', '1989', '4', '8', '-1', '-1', '0', '0', '-1'),
('972 067', '202200053709', '718 445', 'A01', '6', 2, '4', '1', '1990', '4', '8', '-1', '-1', '0', '0', '-1'),
('972 070', '202200053709', '718 445', 'A01', '7', 2, '4', '1', '1958', '4', '0', '-1', '-1', '0', '0', '-1'),
('973 034', '202200053301', '719 155', 'A01', '9', 2, '1', '1', '2016', '5', '1', '-1', '-1', '0', '0', '-1'),
('973 035', '202200053301', '719 155', 'A01', '1', 1, '3', '1', '1991', '5', '1', '-1', '-1', '0', '0', '-1'),
('973 835', '202200052966', '719 723', 'A01', '1', 1, '3', '1', '1947', '0', '2', '8', '-1', '0', '0', '-1'),
('973 841', '202200052966', '719 726', 'B01', '1', 1, '1', '2', '1974', '0', '1', '0', '-1', '0', '0', '-1'),
('973 843', '202200052966', '719 726', 'B01', '2', 2, '1', '1', '2009', '0', '1', '8', '-1', '0', '0', '-1'),
('975 160', '202200052422', '720 695', 'A01', '1', 1, '3', '1', '2005', '0', '2', '6', '-1', '0', '0', '-1'),
('975 166', '202200052422', '720 699', 'B01', '1', 1, '1', '1', '1979', '0', '1', '-1', '-1', '0', '0', '-1'),
('975 577', '202200052257', '721 001', 'A01', '1', 1, '1', '1', '2002', '5', '1', '0', '-1', '-1', '-1', '-1'),
('975 580', '202200052257', '721 003', 'B01', '1', 1, '3', '1', '1995', '1', '2', '6', '-1', '-1', '-1', '-1'),
('976 053', '202200052061', '721 345', 'A01', '1', 1, '4', '1', '2006', '5', '2', '-1', '-1', '0', '0', '-1'),
('976 143', '202200052019', '721 408', 'A01', '1', 1, '1', '2', '1950', '3', '1', '-1', '-1', '0', '0', '-1'),
('976 146', '202200052019', '721 408', 'A01', '10', 3, '4', '2', '1976', '3', '0', '-1', '-1', '1', 'A', '1'),
('977 495', '202200051442', '722 411', 'A01', '1', 1, '-1', '-1', '', '-1', '-1', '-1', '-1', '-1', '-1', '-1'),
('977 496', '202200051442', '722 411', 'A01', '10', 3, '4', '2', '1961', '5', '8', '8', '-1', '1', 'B', '1'),
('978 289', '202200051102', '722 998', 'A01', '1', 1, '1', '2', '1970', '0', '1', '8', '-1', '0', '0', '-1'),
('978 293', '202200051102', '722 998', 'A01', '10', 3, '3', '2', '1942', '3', '0', '-1', '-1', '2', '3', '1'),
('978 298', '202200051098', '723 004', 'A01', '1', 1, '4', '2', '2007', '5', '0', '0', '-1', '0', '0', '-1'),
('978 299', '202200051098', '723 004', 'A01', '2', 2, '4', '2', '2008', '0', '0', '0', '-1', '0', '0', '-1'),
('978 303', '202200051098', '723 008', 'B01', '1', 1, '1', '-1', '', '-1', '-1', '-1', '-1', '0', '0', '-1'),
('979 259', '202200050686', '723 734', 'A01', '1', 1, '3', '1', '1979', '4', '1', '0', '-1', '-1', '-1', '-1'),
('980 383', '202200050231', '724 598', 'A01', '1', 1, '2', '1', '1974', '5', '2', '6', '-1', '0', '0', '-1'),
('980 384', '202200050231', '724 600', 'B01', '1', 1, '1', '1', '1973', '4', '1', '-1', '-1', '0', '0', '-1'),
('980 687', '202200050097', '724 816', 'A01', '10', 3, '4', '1', '2005', '0', '0', '-1', '-1', '4', '3', '1'),
('980 688', '202200050097', '724 816', 'A01', '1', 1, '1', '1', '1960', '9', '8', '8', '-1', '-1', '-1', '-1'),
('980 770', '202200050065', '724 876', 'B01', '1', 1, '3', '1', '2005', '2', '2', '6', '-1', '0', '0', '-1'),
('980 776', '202200050065', '724 880', 'A01', '1', 1, '1', '1', '1977', '1', '1', '-1', '-1', '0', '0', '-1'),
('981 810', '202200049608', '725 664', 'A01', '1', 1, '1', '1', '1978', '0', '1', '5', '-1', '0', '0', '-1'),
('981 813', '202200049608', '725 667', 'B01', '1', 1, '4', '1', '1970', '1', '1', '0', '-1', '0', '0', '-1'),
('982 021', '202200049509', '725 835', 'B01', '1', 1, '3', '1', '1978', '1', '2', '6', '-1', '0', '0', '-1'),
('982 022', '202200049509', '725 836', 'A01', '1', 1, '1', '2', '1968', '5', '1', '-1', '-1', '0', '0', '-1'),
('982 587', '202200049278', '726 249', 'B01', '1', 1, '3', '2', '1948', '4', '1', '-1', '-1', '0', '0', '-1'),
('982 590', '202200049278', '726 252', 'A01', '1', 1, '4', '1', '1996', '4', '1', '-1', '-1', '0', '0', '-1'),
('982 714', '202200049213', '726 356', 'B01', '1', 1, '3', '2', '1958', '5', '1', '-1', '-1', '0', '0', '-1'),
('982 715', '202200049213', '726 357', 'A01', '1', 1, '3', '2', '1974', '1', '1', '-1', '-1', '0', '0', '-1'),
('982 716', '202200049213', '726 357', 'A01', '2', 2, '4', '2', '2005', '2', '1', '-1', '-1', '0', '0', '-1'),
('983 158', '202200049021', '726 712', 'A01', '1', 1, '1', '1', '1995', '5', '1', '-1', '-1', '0', '0', '-1'),
('983 159', '202200049021', '726 712', 'A01', '6', 2, '3', '1', '2018', '5', '0', '-1', '-1', '0', '0', '-1'),
('983 160', '202200049021', '726 712', 'A01', '2', 2, '3', '2', '2000', '5', '1', '-1', '-1', '0', '0', '-1'),
('983 162', '202200049021', '726 712', 'A01', '6', 2, '3', '2', '1999', '5', '1', '-1', '-1', '0', '0', '-1'),
('987 192', '202200047304', '729 769', 'A01', '2', 2, '1', '1', '2013', '5', '1', '-1', '-1', '0', '0', '-1'),
('987 193', '202200047304', '729 769', 'A01', '1', 1, '1', '2', '1983', '5', '1', '-1', '-1', '0', '0', '-1'),
('987 194', '202200047304', '729 771', 'B01', '1', 1, '1', '2', '1979', '5', '1', '-1', '-1', '0', '0', '-1'),
('987 195', '202200047304', '729 771', 'B01', '8', 2, '4', '2', '2003', '5', '1', '-1', '-1', '0', '0', '-1'),
('987 197', '202200047304', '729 771', 'B01', '2', 2, '4', '2', '1995', '5', '1', '-1', '-1', '0', '0', '-1'),
('987 198', '202200047304', '729 771', 'B01', '9', 2, '1', '1', '2012', '5', '1', '-1', '-1', '0', '0', '-1'),
('987 199', '202200047304', '729 771', 'B01', '7', 2, '1', '1', '2020', '5', '3', '-1', '-1', '0', '0', '-1'),
('987 628', '202200047106', '730 106', 'A01', '1', 1, '1', '1', '1971', '9', '1', '8', '-1', '0', '0', '-1'),
('987 631', '202200047106', '730 108', 'B01', '1', 1, '3', '1', '2008', '9', '8', '0', '-1', '0', '0', '-1'),
('988 140', '202200046894', '730 497', 'Z01', '1', 1, '1', '-1', '', '-1', '-1', '-1', '-1', '-1', '-1', '-1'),
('988 142', '202200046894', '730 497', 'Z01', '10', 3, '4', '1', '2007', '5', '8', '8', '-1', '6', 'A', '2'),
('989 535', '202200046291', '731 544', 'A01', '1', 1, '3', '1', '2004', '0', '2', '6', '-1', '0', '0', '-1'),
('990 323', '202200045963', '732 127', 'A01', '1', 1, '3', '2', '1949', '0', '1', '-1', '-1', '0', '0', '-1'),
('990 325', '202200045963', '732 127', 'A01', '2', 2, '1', '2', '1957', '0', '1', '-1', '-1', '0', '0', '-1'),
('990 326', '202200045963', '732 127', 'A01', '7', 2, '1', '2', '1947', '0', '1', '-1', '-1', '0', '0', '-1'),
('991 175', '202200045600', '732 784', 'A01', '1', 1, '3', '1', '1954', '5', '1', '-1', '-1', '0', '0', '-1'),
('991 636', '202200045398', '733 153', 'A01', '1', 1, '4', '1', '1947', '0', '2', '6', '-1', '0', '0', '-1'),
('992 637', '202200044966', '733 912', 'B01', '1', 1, '1', '1', '2001', '5', '1', '-1', '-1', '0', '0', '-1'),
('992 640', '202200044966', '733 912', 'B01', '2', 2, '1', '1', '1997', '5', '1', '-1', '-1', '0', '0', '-1'),
('992 646', '202200044966', '733 917', 'A01', '1', 1, '4', '1', '1999', '5', '1', '-1', '-1', '0', '0', '-1'),
('992 647', '202200044966', '733 917', 'A01', '4', 2, '1', '1', '2003', '5', '1', '-1', '-1', '0', '0', '-1'),
('992 648', '202200044966', '733 917', 'A01', '5', 2, '1', '2', '2003', '5', '1', '-1', '-1', '0', '0', '-1'),
('992 650', '202200044966', '733 917', 'A01', '3', 2, '1', '2', '2021', '5', '1', '3', '-1', '0', '0', '-1'),
('992 651', '202200044966', '733 917', 'A01', '2', 2, '1', '1', '2002', '5', '1', '-1', '-1', '0', '0', '-1'),
('992 661', '202200044960', '733 926', 'B01', '1', 1, '4', '1', '1970', '5', '1', '-1', '-1', '0', '0', '-1'),
('992 665', '202200044960', '733 929', 'A01', '1', 1, '2', '1', '1990', '0', '1', '-1', '-1', '0', '0', '-1'),
('992 894', '202200044870', '734 092', 'B01', '1', 1, '1', '1', '1977', '4', '1', '-1', '-1', '0', '0', '-1'),
('992 898', '202200044870', '734 095', 'A01', '2', 2, '3', '1', '1943', '5', '1', '-1', '-1', '0', '0', '-1'),
('992 902', '202200044870', '734 095', 'A01', '7', 2, '1', '2', '2016', '5', '1', '-1', '-1', '0', '0', '-1'),
('992 904', '202200044870', '734 095', 'A01', '9', 2, '1', '1', '2012', '5', '1', '-1', '-1', '0', '0', '-1'),
('992 905', '202200044870', '734 095', 'A01', '1', 1, '4', '2', '1953', '5', '1', '-1', '-1', '0', '0', '-1'),
('992 960', '202200044838', '734 137', 'A01', '2', 2, '4', '2', '2001', '5', '8', '0', '-1', '0', '0', '-1'),
('992 963', '202200044838', '734 137', 'A01', '1', 1, '4', '2', '2002', '5', '8', '0', '-1', '0', '0', '-1'),
('992 967', '202200044838', '734 143', 'B01', '1', 1, '1', '1', '1971', '1', '1', '0', '-1', '0', '0', '-1'),
('993 054', '202200044795', '734 207', 'A01', '2', 2, '3', '2', '1976', '3', '0', '-1', '-1', '0', '0', '-1'),
('993 055', '202200044795', '734 207', 'A01', '1', 1, '4', '1', '1968', '3', '1', '-1', '-1', '0', '0', '-1'),
('993 754', '202200044491', '734 744', 'B01', '1', 1, '2', '1', '1987', '5', '8', '0', '-1', '0', '0', '-1'),
('993 758', '202200044491', '734 747', 'A01', '1', 1, '4', '2', '1953', '5', '1', '0', '-1', '-1', '-1', '-1'),
('994 399', '202200044213', '735 219', 'A01', '1', 1, '4', '1', '2003', '5', '1', '-1', '-1', '0', '0', '-1'),
('994 400', '202200044213', '735 219', 'A01', '4', 2, '3', '2', '2004', '5', '1', '-1', '-1', '0', '0', '-1'),
('994 401', '202200044213', '735 219', 'A01', '2', 2, '1', '1', '2005', '5', '1', '-1', '-1', '0', '0', '-1'),
('994 402', '202200044213', '735 219', 'A01', '3', 2, '1', '2', '2005', '5', '1', '-1', '-1', '0', '0', '-1'),
('994 404', '202200044211', '735 221', 'A01', '2', 2, '4', '2', '2006', '5', '1', '-1', '-1', '0', '0', '-1'),
('994 405', '202200044211', '735 221', 'A01', '1', 1, '1', '1', '2002', '5', '1', '-1', '-1', '0', '0', '-1'),
('994 407', '202200044210', '735 223', 'A01', '2', 2, '4', '1', '1968', '5', '8', '-1', '-1', '0', '0', '-1'),
('994 408', '202200044210', '735 223', 'A01', '1', 1, '3', '1', '1969', '5', '8', '-1', '-1', '0', '0', '-1'),
('994 409', '202200044210', '735 224', 'B01', '1', 1, '1', '1', '1992', '5', '1', '-1', '-1', '0', '0', '-1'),
('996 522', '202200043330', '736 828', 'A01', '1', 1, '4', '1', '1953', '5', '1', '-1', '-1', '0', '0', '-1'),
('996 559', '202200043314', '736 858', 'A01', '1', 1, '1', '1', '2004', '5', '1', '-1', '-1', '0', '0', '-1'),
('996 560', '202200043314', '736 858', 'A01', '4', 2, '1', '1', '2001', '5', '1', '-1', '-1', '0', '0', '-1'),
('996 561', '202200043314', '736 858', 'A01', '2', 2, '1', '1', '2004', '5', '1', '-1', '-1', '0', '0', '-1'),
('996 563', '202200043314', '736 858', 'A01', '3', 2, '4', '1', '1999', '4', '1', '-1', '-1', '0', '0', '-1'),
('996 564', '202200043314', '736 858', 'A01', '5', 2, '1', '1', '2002', '5', '1', '-1', '-1', '0', '0', '-1'),
('997 113', '202200043091', '737 247', 'B01', '1', 1, '1', '1', '1934', '9', '1', '-1', '-1', '0', '0', '-1'),
('997 114', '202200043091', '737 248', 'A01', '1', 1, '4', '2', '1964', '1', '1', '-1', '-1', '0', '0', '-1'),
('998 486', '202200042524', '738 261', 'B01', '1', 1, '3', '1', '2001', '5', '2', '-1', '-1', '0', '0', '-1'),
('998 490', '202200042524', '738 264', 'A01', '1', 1, '1', '1', '1956', '5', '1', '-1', '-1', '0', '0', '-1'),
('999 178', '202200042236', '738 774', 'A01', '2', 2, '4', '2', '2005', '5', '2', '6', '-1', '0', '0', '-1'),
('999 179', '202200042236', '738 774', 'A01', '1', 1, '4', '1', '2005', '5', '2', '6', '-1', '0', '0', '-1'),
('999 180', '202200042236', '738 775', 'B01', '2', 2, '1', '1', '1991', '5', '1', '0', '-1', '0', '0', '-1'),
('999 181', '202200042236', '738 775', 'B01', '1', 1, '1', '2', '1989', '0', '1', '0', '-1', '0', '0', '-1'),
('999 798', '202200041994', '739 195', 'A01', '2', 2, '1', '2', '1959', '5', '1', '-1', '-1', '0', '0', '-1'),
('999 799', '202200041994', '739 195', 'A01', '1', 1, '1', '1', '1962', '5', '1', '-1', '-1', '0', '0', '-1'),
('999 800', '202200041994', '739 196', 'B01', '1', 1, '3', '2', '1992', '5', '1', '-1', '-1', '0', '0', '-1');

-- --------------------------------------------------------

--
-- Table structure for table `sae303_vehicule`
--

CREATE TABLE `sae303_vehicule` (
  `id_vehicule` varchar(7) NOT NULL,
  `Num_Acc` varchar(12) DEFAULT NULL,
  `num_veh` varchar(4) DEFAULT NULL,
  `senc` varchar(3) DEFAULT NULL,
  `catv` varchar(3) DEFAULT NULL,
  `obs` varchar(3) DEFAULT NULL,
  `obsm` varchar(3) DEFAULT NULL,
  `choc` varchar(3) DEFAULT NULL,
  `manv` varchar(3) DEFAULT NULL,
  `motor` varchar(3) DEFAULT NULL,
  `occutc` varchar(2) DEFAULT NULL
) ENGINE=InnoDB DEFAULT CHARSET=utf8;

--
-- Dumping data for table `sae303_vehicule`
--

INSERT INTO `sae303_vehicule` (`id_vehicule`, `Num_Acc`, `num_veh`, `senc`, `catv`, `obs`, `obsm`, `choc`, `manv`, `motor`, `occutc`) VALUES
('715 644', '202200055292', 'A01', '2', '7', '8', '0', '1', '0', '1', ''),
('715 720', '202200055242', 'A01', '1', '7', '2', '0', '1', '0', '1', ''),
('716 921', '202200054571', 'B01', '2', '7', '0', '2', '1', '1', '1', ''),
('716 923', '202200054571', 'A01', '1', '7', '0', '2', '1', '11', '1', ''),
('717 431', '202200054298', 'A01', '1', '7', '0', '2', '1', '19', '1', ''),
('717 442', '202200054298', 'B01', '1', '7', '6', '2', '6', '1', '2', ''),
('717 603', '202200054190', 'A01', '2', '7', '3', '0', '3', '0', '1', ''),
('718 445', '202200053709', 'A01', '2', '13', '2', '0', '1', '14', '1', ''),
('719 155', '202200053301', 'A01', '2', '7', '15', '0', '9', '1', '1', ''),
('719 723', '202200052966', 'A01', '3', '33', '0', '2', '1', '1', '1', ''),
('719 726', '202200052966', 'B01', '3', '7', '0', '2', '2', '1', '1', ''),
('720 695', '202200052422', 'A01', '2', '2', '0', '2', '1', '13', '1', ''),
('720 699', '202200052422', 'B01', '1', '10', '0', '2', '3', '1', '1', ''),
('721 001', '202200052257', 'A01', '1', '7', '0', '2', '8', '16', '1', ''),
('721 003', '202200052257', 'B01', '3', '33', '0', '2', '2', '1', '1', ''),
('721 345', '202200052061', 'A01', '1', '2', '0', '0', '0', '1', '1', ''),
('721 408', '202200052019', 'A01', '2', '7', '0', '1', '2', '1', '1', ''),
('722 411', '202200051442', 'A01', '0', '7', '0', '1', '2', '15', '1', ''),
('722 998', '202200051102', 'A01', '1', '7', '0', '1', '1', '12', '1', ''),
('723 004', '202200051098', 'A01', '2', '50', '0', '2', '6', '1', '3', ''),
('723 008', '202200051098', 'B01', '2', '10', '0', '2', '2', '21', '1', ''),
('723 734', '202200050686', 'A01', '2', '14', '1', '0', '1', '7', '1', ''),
('724 598', '202200050231', 'A01', '2', '33', '0', '2', '1', '1', '1', ''),
('724 600', '202200050231', 'B01', '2', '17', '0', '0', '6', '1', '1', ''),
('724 816', '202200050097', 'A01', '2', '0', '0', '1', '1', '26', '0', ''),
('724 876', '202200050065', 'B01', '1', '31', '0', '2', '1', '1', '1', ''),
('724 880', '202200050065', 'A01', '2', '7', '0', '2', '2', '15', '1', ''),
('725 664', '202200049608', 'A01', '1', '10', '0', '0', '1', '2', '1', ''),
('725 667', '202200049608', 'B01', '1', '7', '0', '0', '4', '2', '1', ''),
('725 835', '202200049509', 'B01', '1', '2', '0', '2', '1', '1', '1', ''),
('725 836', '202200049509', 'A01', '2', '7', '0', '2', '1', '13', '1', ''),
('726 249', '202200049278', 'B01', '2', '7', '0', '2', '1', '1', '1', ''),
('726 252', '202200049278', 'A01', '2', '10', '0', '2', '7', '19', '1', ''),
('726 356', '202200049213', 'B01', '1', '7', '0', '2', '3', '1', '1', ''),
('726 357', '202200049213', 'A01', '2', '7', '0', '2', '1', '13', '1', ''),
('726 712', '202200049021', 'A01', '3', '10', '13', '0', '2', '1', '1', ''),
('729 769', '202200047304', 'A01', '1', '7', '0', '2', '1', '2', '1', ''),
('729 771', '202200047304', 'B01', '1', '7', '0', '2', '4', '15', '1', ''),
('730 106', '202200047106', 'A01', '1', '7', '0', '2', '2', '15', '1', ''),
('730 108', '202200047106', 'B01', '1', '1', '0', '2', '1', '1', '5', ''),
('730 497', '202200046894', 'Z01', '2', '7', '12', '0', '4', '26', '1', ''),
('731 544', '202200046291', 'A01', '1', '2', '1', '0', '1', '0', '1', ''),
('732 127', '202200045963', 'A01', '2', '7', '13', '0', '2', '1', '1', ''),
('732 784', '202200045600', 'A01', '1', '7', '14', '0', '3', '13', '1', ''),
('733 153', '202200045398', 'A01', '2', '31', '0', '0', '8', '1', '1', ''),
('733 912', '202200044966', 'B01', '2', '7', '13', '2', '8', '0', '1', ''),
('733 917', '202200044966', 'A01', '1', '7', '0', '2', '8', '13', '1', ''),
('733 926', '202200044960', 'B01', '2', '7', '0', '2', '1', '1', '1', ''),
('733 929', '202200044960', 'A01', '1', '7', '0', '2', '3', '13', '1', ''),
('734 092', '202200044870', 'B01', '2', '15', '0', '2', '2', '17', '1', ''),
('734 095', '202200044870', 'A01', '2', '7', '0', '0', '3', '15', '1', ''),
('734 137', '202200044838', 'A01', '3', '7', '8', '2', '3', '19', '1', ''),
('734 143', '202200044838', 'B01', '1', '7', '12', '2', '2', '1', '1', ''),
('734 207', '202200044795', 'A01', '2', '7', '13', '0', '6', '14', '1', ''),
('734 744', '202200044491', 'B01', '2', '80', '0', '2', '9', '1', '3', ''),
('734 747', '202200044491', 'A01', '3', '7', '0', '9', '3', '19', '1', ''),
('735 219', '202200044213', 'A01', '1', '7', '2', '0', '1', '1', '1', ''),
('735 221', '202200044211', 'A01', '1', '7', '13', '0', '3', '1', '1', ''),
('735 223', '202200044210', 'A01', '1', '3', '0', '2', '1', '1', '1', ''),
('735 224', '202200044210', 'B01', '2', '7', '0', '2', '3', '1', '1', ''),
('736 828', '202200043330', 'A01', '1', '7', '7', '0', '1', '14', '1', ''),
('736 858', '202200043314', 'A01', '1', '7', '13', '0', '7', '1', '1', ''),
('737 247', '202200043091', 'B01', '1', '7', '0', '0', '0', '5', '1', ''),
('737 248', '202200043091', 'A01', '2', '7', '3', '0', '3', '21', '1', ''),
('738 261', '202200042524', 'B01', '2', '31', '0', '2', '8', '19', '1', ''),
('738 264', '202200042524', 'A01', '2', '10', '0', '2', '1', '1', '1', ''),
('738 774', '202200042236', 'A01', '3', '32', '0', '2', '1', '2', '1', ''),
('738 775', '202200042236', 'B01', '3', '7', '0', '2', '4', '1', '1', ''),
('739 195', '202200041994', 'A01', '1', '7', '0', '2', '1', '1', '1', ''),
('739 196', '202200041994', 'B01', '1', '7', '0', '0', '8', '1', '1', ''),
('739 431', '202200041855', 'A01', '2', '7', '2', '0', '3', '13', '1', ''),
('739 536', '202200041788', 'B01', '2', '7', '0', '2', '1', '1', '1', ''),
('739 537', '202200041788', 'A01', '1', '17', '0', '2', '1', '13', '1', ''),
('740 229', '202200041396', 'A01', '2', '7', '2', '0', '1', '0', '1', ''),
('740 230', '202200041395', 'A01', '1', '2', '8', '0', '1', '5', '1', ''),
('741 703', '202200040553', 'A01', '1', '33', '5', '2', '3', '17', '1', ''),
('741 706', '202200040553', 'B01', '2', '7', '0', '2', '3', '1', '1', ''),
('743 476', '202200039534', 'B01', '1', '7', '0', '2', '1', '26', '1', ''),
('743 478', '202200039534', 'A01', '1', '7', '0', '2', '8', '26', '1', ''),
('743 551', '202200039492', 'A01', '2', '7', '0', '1', '1', '15', '1', ''),
('743 783', '202200039368', 'B01', '2', '13', '0', '2', '4', '2', '1', ''),
('743 784', '202200039368', 'A01', '2', '7', '3', '2', '1', '2', '1', ''),
('745 209', '202200038561', 'A01', '3', '7', '0', '1', '4', '4', '1', ''),
('745 895', '202200038191', 'B01', '3', '1', '0', '2', '1', '1', '5', ''),
('745 897', '202200038191', 'A01', '3', '7', '0', '2', '8', '9', '1', ''),
('746 083', '202200038091', 'A01', '3', '7', '6', '0', '1', '1', '2', ''),
('746 157', '202200038045', 'B01', '2', '7', '0', '0', '2', '1', '1', ''),
('746 159', '202200038045', 'A01', '1', '7', '0', '0', '3', '1', '1', ''),
('748 238', '202200036882', 'A01', '1', '7', '2', '0', '3', '14', '1', ''),
('749 936', '202200035912', 'A01', '2', '33', '0', '0', '0', '2', '1', ''),
('751 662', '202200034965', 'A01', '2', '7', '0', '2', '1', '19', '2', ''),
('751 667', '202200034965', 'B01', '1', '7', '0', '2', '7', '1', '1', ''),
('752 078', '202200034725', 'A01', '1', '10', '2', '0', '1', '14', '1', ''),
('752 203', '202200034656', 'B01', '1', '10', '0', '2', '4', '2', '1', ''),
('752 204', '202200034656', 'A01', '1', '7', '0', '2', '1', '2', '1', ''),
('752 207', '202200034656', 'C01', '1', '7', '0', '2', '4', '2', '1', ''),
('753 247', '202200034075', 'A01', '1', '7', '2', '0', '1', '1', '1', ''),
('754 073', '202200033598', 'A01', '2', '7', '0', '2', '3', '15', '1', ''),
('754 074', '202200033598', 'B01', '1', '31', '0', '2', '1', '1', '1', ''),
('754 222', '202200033511', 'A01', '2', '7', '2', '0', '1', '21', '1', ''),
('754 893', '202200033122', 'B01', '2', '7', '0', '2', '2', '1', '1', ''),
('754 898', '202200033122', 'A01', '1', '1', '0', '2', '1', '16', '5', ''),
('755 389', '202200032837', 'A01', '1', '7', '0', '2', '8', '19', '1', ''),
('755 390', '202200032837', 'B01', '2', '33', '0', '2', '1', '1', '1', ''),
('757 024', '202200031925', 'A01', '2', '7', '2', '0', '3', '13', '1', ''),
('757 547', '202200031650', 'A01', '3', '1', '0', '0', '0', '16', '5', ''),
('757 732', '202200031554', 'B01', '2', '34', '0', '2', '3', '1', '1', ''),
('757 733', '202200031554', 'A01', '2', '7', '0', '2', '3', '15', '1', ''),
('757 801', '202200031509', 'B01', '1', '15', '0', '2', '3', '1', '1', ''),
('757 803', '202200031509', 'A01', '2', '2', '0', '2', '1', '13', '1', ''),
('758 592', '202200031060', 'B01', '1', '2', '0', '2', '4', '1', '1', ''),
('758 593', '202200031060', 'A01', '1', '7', '0', '2', '2', '1', '1', ''),
('760 278', '202200030120', 'A01', '2', '7', '3', '2', '2', '14', '1', ''),
('760 279', '202200030120', 'B01', '2', '15', '0', '2', '2', '2', '1', ''),
('760 471', '202200030011', 'A01', '2', '7', '0', '2', '1', '2', '2', ''),
('760 472', '202200030011', 'B01', '2', '15', '0', '2', '4', '2', '1', ''),
('760 839', '202200029804', 'A01', '0', '7', '0', '1', '2', '26', '1', ''),
('761 447', '202200029457', 'B01', '2', '2', '0', '2', '1', '1', '1', ''),
('761 450', '202200029457', 'A01', '1', '2', '0', '2', '1', '5', '1', ''),
('761 605', '202200029370', 'B01', '2', '7', '6', '2', '3', '1', '1', ''),
('761 606', '202200029370', 'A01', '1', '7', '0', '2', '3', '14', '1', ''),
('762 424', '202200028912', 'B01', '0', '2', '0', '2', '1', '1', '1', ''),
('762 426', '202200028912', 'A01', '0', '7', '0', '2', '2', '15', '1', ''),
('763 260', '202200028444', 'B01', '2', '32', '0', '2', '1', '1', '1', ''),
('763 261', '202200028444', 'A01', '1', '7', '0', '0', '2', '15', '1', ''),
('763 531', '202200028287', 'A01', '1', '7', '0', '2', '8', '9', '1', ''),
('763 532', '202200028287', 'B01', '2', '7', '0', '2', '3', '1', '1', ''),
('765 184', '202200027383', 'A01', '2', '7', '16', '0', '9', '1', '1', ''),
('765 786', '202200027055', 'B01', '1', '1', '0', '2', '8', '1', '5', ''),
('765 787', '202200027055', 'A01', '1', '10', '0', '9', '2', '1', '1', ''),
('766 040', '202200026914', 'A01', '3', '7', '0', '2', '2', '15', '1', ''),
('766 041', '202200026914', 'B01', '3', '30', '0', '2', '1', '1', '1', ''),
('768 249', '202200025713', 'B01', '2', '2', '0', '2', '4', '1', '1', ''),
('768 250', '202200025713', 'A01', '2', '7', '0', '2', '2', '1', '1', ''),
('768 801', '202200025410', 'A01', '1', '43', '9', '0', '1', '26', '1', ''),
('768 894', '202200025352', 'A01', '1', '7', '0', '2', '1', '1', '1', ''),
('768 898', '202200025352', 'B01', '2', '7', '0', '2', '7', '1', '0', ''),
('769 526', '202200025005', 'A01', '1', '7', '13', '0', '3', '13', '1', ''),
('770 116', '202200024675', 'A01', '1', '7', '0', '2', '1', '13', '1', ''),
('770 118', '202200024675', 'B01', '2', '1', '0', '2', '1', '1', '5', ''),
('770 247', '202200024603', 'A01', '2', '7', '0', '1', '1', '1', '1', ''),
('770 957', '202200024199', 'A01', '1', '7', '2', '0', '7', '1', '1', ''),
('770 961', '202200024198', 'B01', '2', '7', '0', '2', '1', '1', '1', ''),
('770 964', '202200024198', 'A01', '1', '7', '0', '2', '1', '17', '1', ''),
('772 021', '202200023589', 'B01', '2', '7', '0', '2', '5', '23', '1', ''),
('772 023', '202200023589', 'A01', '2', '2', '0', '2', '1', '1', '1', ''),
('772 035', '202200023582', 'B01', '2', '10', '0', '2', '1', '2', '0', ''),
('772 038', '202200023582', 'A01', '2', '7', '0', '2', '6', '2', '1', ''),
('772 265', '202200023454', 'A01', '2', '31', '0', '2', '1', '2', '1', ''),
('772 266', '202200023454', 'B01', '2', '7', '0', '2', '4', '2', '2', ''),
('772 267', '202200023454', 'C01', '1', '7', '0', '2', '0', '1', '1', ''),
('772 412', '202200023375', 'B01', '2', '33', '0', '2', '2', '1', '1', ''),
('772 413', '202200023375', 'A01', '2', '7', '0', '2', '2', '16', '1', ''),
('772 856', '202200023122', 'A01', '2', '7', '0', '1', '2', '2', '1', ''),
('773 025', '202200023023', 'C01', '2', '7', '0', '2', '1', '1', '1', ''),
('773 026', '202200023023', 'B01', '2', '7', '0', '2', '3', '1', '3', ''),
('773 027', '202200023023', 'A01', '1', '7', '0', '2', '3', '13', '1', ''),
('774 047', '202200022437', 'B01', '2', '7', '0', '2', '1', '1', '1', ''),
('774 050', '202200022437', 'A01', '1', '7', '0', '2', '7', '1', '1', ''),
('774 058', '202200022433', 'A01', '2', '7', '0', '2', '2', '17', '1', ''),
('774 059', '202200022433', 'B01', '2', '7', '0', '2', '3', '15', '1', ''),
('774 063', '202200022433', 'C01', '1', '7', '0', '2', '2', '21', '2', ''),
('774 545', '202200022170', 'A01', '2', '30', '12', '0', '2', '1', '1', ''),
('775 149', '202200021822', 'A01', '1', '2', '6', '0', '7', '1', '1', ''),
('775 152', '202200021820', 'A01', '2', '10', '0', '2', '3', '13', '1', ''),
('775 153', '202200021820', 'C01', '1', '15', '0', '2', '3', '1', '1', ''),
('775 154', '202200021820', 'B01', '1', '15', '0', '2', '6', '1', '1', ''),
('775 202', '202200021790', 'B01', '2', '33', '0', '2', '1', '15', '1', ''),
('775 204', '202200021790', 'A01', '2', '7', '0', '2', '2', '1', '1', ''),
('775 207', '202200021787', 'B01', '2', '3', '14', '0', '7', '16', '1', ''),
('775 210', '202200021787', 'C01', '2', '7', '0', '2', '7', '2', '0', ''),
('775 212', '202200021787', 'A01', '1', '7', '14', '2', '1', '19', '1', ''),
('775 625', '202200021572', 'A01', '2', '7', '2', '0', '7', '14', '1', ''),
('776 687', '202200020962', 'A01', '2', '33', '0', '2', '1', '13', '0', ''),
('776 689', '202200020962', 'B01', '2', '7', '0', '9', '6', '26', '1', ''),
('776 878', '202200020860', 'A01', '2', '2', '3', '0', '1', '1', '1', ''),
('776 880', '202200020859', 'A01', '2', '7', '1', '1', '2', '14', '1', ''),
('776 881', '202200020858', 'A01', '1', '7', '0', '2', '3', '13', '1', ''),
('776 882', '202200020858', 'B01', '2', '13', '0', '2', '8', '1', '0', ''),
('777 252', '202200020650', 'A01', '2', '2', '7', '0', '1', '1', '1', ''),
('777 256', '202200020648', 'A01', '2', '7', '13', '0', '2', '1', '1', ''),
('779 072', '202200019630', 'A01', '1', '2', '1', '0', '1', '14', '1', ''),
('779 230', '202200019539', 'A01', '1', '30', '8', '0', '1', '1', '1', ''),
('780 352', '202200018886', 'A01', '2', '7', '0', '0', '1', '1', '1', ''),
('780 368', '202200018875', 'A01', '2', '7', '17', '0', '2', '14', '1', ''),
('780 940', '202200018572', 'B01', '3', '1', '0', '2', '8', '19', '5', ''),
('780 942', '202200018572', 'A01', '3', '7', '0', '9', '2', '1', '1', ''),
('782 366', '202200017789', 'A01', '2', '7', '0', '2', '1', '19', '1', ''),
('782 368', '202200017789', 'B01', '1', '33', '0', '2', '7', '1', '1', ''),
('782 740', '202200017584', 'A01', '1', '7', '14', '0', '1', '0', '1', ''),
('782 863', '202200017515', 'A01', '1', '10', '0', '2', '2', '15', '1', ''),
('782 866', '202200017515', 'B01', '2', '7', '0', '2', '7', '1', '1', ''),
('783 047', '202200017403', 'B01', '3', '7', '0', '2', '2', '11', '1', ''),
('783 049', '202200017403', 'A01', '3', '7', '0', '2', '1', '1', '1', ''),
('783 258', '202200017290', 'A01', '3', '30', '0', '2', '1', '15', '1', ''),
('783 260', '202200017290', 'B01', '3', '30', '0', '2', '1', '1', '1', ''),
('784 096', '202200016828', 'A01', '2', '7', '0', '2', '1', '17', '1', ''),
('784 098', '202200016828', 'B01', '2', '7', '0', '2', '6', '1', '1', ''),
('784 414', '202200016650', 'B01', '2', '33', '0', '2', '5', '2', '1', ''),
('784 417', '202200016650', 'A01', '2', '7', '0', '2', '3', '2', '1', ''),
('784 421', '202200016646', 'A01', '2', '7', '16', '0', '1', '13', '1', ''),
('785 951', '202200015792', 'A01', '1', '38', '8', '0', '1', '14', '1', '15'),
('786 485', '202200015486', 'A01', '1', '7', '13', '0', '1', '1', '1', ''),
('787 369', '202200014984', 'A01', '1', '7', '0', '1', '3', '1', '1', ''),
('788 097', '202200014573', 'B01', '2', '7', '0', '2', '2', '0', '1', ''),
('788 099', '202200014573', 'A01', '1', '7', '0', '2', '1', '1', '1', ''),
('788 872', '202200014147', 'A01', '1', '31', '8', '0', '9', '1', '1', ''),
('789 017', '202200014065', 'A01', '1', '33', '12', '0', '1', '1', '1', ''),
('789 265', '202200013937', 'A01', '2', '7', '3', '0', '1', '1', '1', ''),
('789 398', '202200013856', 'A01', '2', '7', '0', '1', '2', '1', '1', ''),
('789 773', '202200013645', 'A01', '3', '33', '0', '0', '0', '26', '1', ''),
('790 481', '202200013231', 'A01', '1', '7', '2', '0', '2', '14', '1', ''),
('791 630', '202200012575', 'A01', '2', '2', '0', '2', '3', '19', '1', ''),
('791 631', '202200012575', 'B01', '2', '7', '0', '2', '1', '1', '1', ''),
('791 695', '202200012537', 'A01', '1', '7', '13', '0', '9', '21', '1', ''),
('792 437', '202200012111', 'A01', '1', '10', '0', '1', '1', '15', '1', ''),
('793 405', '202200011545', 'A01', '1', '10', '6', '0', '8', '13', '1', ''),
('793 406', '202200011544', 'B01', '1', '7', '0', '2', '1', '1', '1', ''),
('793 407', '202200011544', 'A01', '2', '7', '0', '2', '3', '19', '1', ''),
('795 276', '202200010513', 'A01', '2', '7', '0', '2', '1', '13', '1', ''),
('795 277', '202200010513', 'B01', '1', '7', '0', '2', '1', '1', '1', ''),
('795 678', '202200010289', 'B01', ' -1', '1', '2', '0', '0', '0', '5', ''),
('795 681', '202200010289', 'A01', ' -1', '7', '2', '2', '3', '15', '1', ''),
('796 310', '202200009927', 'A01', '2', '31', '0', '2', '1', '19', '1', ''),
('796 311', '202200009927', 'B01', '2', '7', '0', '2', '2', '1', '1', ''),
('796 463', '202200009838', 'A01', '0', '10', '0', '9', '5', '1', '0', ''),
('796 464', '202200009838', 'B01', '3', '1', '0', '2', '1', '1', '5', ''),
('796 651', '202200009727', 'A01', '3', '7', '0', '1', '2', '1', '1', ''),
('796 932', '202200009568', 'A01', '1', '7', '0', '2', '7', '17', '1', ''),
('796 934', '202200009568', 'B01', '1', '1', '0', '2', '8', '1', '5', ''),
('798 526', '202200008681', 'A01', '2', '7', '13', '0', '2', '14', '1', ''),
('798 848', '202200008492', 'B01', '2', '7', '0', '2', '1', '21', '1', ''),
('798 849', '202200008492', 'A01', '2', '7', '0', '2', '8', '11', '1', ''),
('799 018', '202200008396', 'A01', '1', '7', '0', '0', '9', '14', '1', ''),
('799 548', '202200008100', 'B01', '1', '7', '3', '2', '7', '17', '1', ''),
('799 550', '202200008100', 'A01', '1', '7', '0', '2', '8', '11', '1', ''),
('799 586', '202200008078', 'A01', '1', '7', '0', '2', '1', '13', '1', ''),
('799 587', '202200008078', 'B01', '1', '7', '0', '2', '1', '26', '1', ''),
('799 783', '202200007966', 'A01', '2', '7', '8', '0', '8', '0', '1', ''),
('799 786', '202200007964', 'B01', '1', '7', '0', '2', '1', '0', '1', ''),
('799 787', '202200007964', 'A01', '2', '7', '0', '2', '2', '0', '1', ''),
('800 293', '202200007683', 'C01', '2', '7', '0', '2', '7', '17', '1', ''),
('800 295', '202200007683', 'B01', '2', '7', '0', '2', '6', '2', '1', ''),
('800 297', '202200007683', 'A01', '2', '33', '0', '2', '1', '2', '1', ''),
('800 903', '202200007347', 'A01', '1', '33', '0', '0', '3', '13', '1', ''),
('801 552', '202200006988', 'B01', '3', '33', '0', '2', '2', '1', '1', ''),
('801 553', '202200006988', 'Z01', '3', '7', '0', '2', '3', '1', '0', ''),
('801 593', '202200006964', 'B01', '3', '7', '0', '2', '2', '15', '1', ''),
('801 594', '202200006964', 'A01', '2', '50', '0', '2', '1', '0', '3', ''),
('802 958', '202200006204', 'A01', '1', '7', '0', '0', '0', '1', '1', ''),
('803 477', '202200005913', 'B01', '1', '7', '1', '0', '8', '26', '1', ''),
('803 479', '202200005913', 'A01', '2', '7', '0', '2', '1', '1', '1', ''),
('803 535', '202200005876', 'A01', '2', '33', '0', '2', '1', '17', '1', ''),
('803 536', '202200005876', 'B01', '2', '7', '0', '0', '6', '17', '1', ''),
('803 867', '202200005690', 'A01', '3', '7', '0', '1', '2', '1', '1', ''),
('803 951', '202200005638', 'B01', '1', '17', '0', '2', '4', '2', '1', ''),
('803 953', '202200005638', 'A01', '1', '7', '0', '2', '1', '2', '1', ''),
('804 374', '202200005403', 'A01', '3', '7', '0', '2', '1', '15', '2', ''),
('804 376', '202200005403', 'B01', '1', '7', '0', '2', '8', '1', '1', ''),
('807 136', '202200003850', 'B01', '2', '99', '9', '0', '0', '0', '3', ''),
('807 139', '202200003850', 'A01', '3', '7', '0', '2', '1', '2', '1', ''),
('807 144', '202200003843', 'A01', '1', '7', '0', '1', '1', '1', '1', ''),
('809 457', '202200002546', 'A01', '1', '33', '0', '0', '0', '1', '1', ''),
('809 994', '202200002239', 'A01', '2', '10', '13', '0', '1', '14', '1', ''),
('810 186', '202200002117', 'A01', '1', '7', '0', '6', '8', '1', '1', ''),
('810 518', '202200001932', 'A01', '3', '0', '0', '1', '0', '19', '0', ''),
('811 568', '202200001326', 'A01', '1', '10', '0', '2', '3', '13', '1', ''),
('811 569', '202200001326', 'B01', '2', '7', '0', '2', '3', '1', '1', ''),
('812 966', '202200000571', 'A01', '0', '7', '0', '1', '2', '19', '1', ''),
('813 090', '202200000495', 'A01', '2', '7', '0', '1', '4', '4', '1', ''),
('813 096', '202200000490', 'A01', '2', '33', '0', '2', '1', '13', '1', ''),
('813 097', '202200000490', 'B01', '1', '7', '0', '2', '1', '1', '1', ''),
('813 559', '202200000232', 'A01', '2', '31', '15', '0', '1', '1', '1', '');

--
-- Indexes for dumped tables
--

--
-- Indexes for table `sae303_accident`
--
ALTER TABLE `sae303_accident`
  ADD PRIMARY KEY (`Accident_Id`),
  ADD KEY `com_id` (`com_id`);

--
-- Indexes for table `sae303_commune`
--
ALTER TABLE `sae303_commune`
  ADD PRIMARY KEY (`com_id`);

--
-- Indexes for table `sae303_lieu`
--
ALTER TABLE `sae303_lieu`
  ADD PRIMARY KEY (`lieu_id`),
  ADD KEY `Num_Acc` (`Num_Acc`);

--
-- Indexes for table `sae303_usager`
--
ALTER TABLE `sae303_usager`
  ADD PRIMARY KEY (`id_usager`),
  ADD KEY `Num_Acc` (`Num_Acc`);

--
-- Indexes for table `sae303_vehicule`
--
ALTER TABLE `sae303_vehicule`
  ADD PRIMARY KEY (`id_vehicule`),
  ADD KEY `sae303_vehicule_ibfk_1` (`Num_Acc`);

--
-- AUTO_INCREMENT for dumped tables
--

--
-- AUTO_INCREMENT for table `sae303_lieu`
--
ALTER TABLE `sae303_lieu`
  MODIFY `lieu_id` int(10) UNSIGNED NOT NULL AUTO_INCREMENT, AUTO_INCREMENT=55293;

--
-- Constraints for dumped tables
--

--
-- Constraints for table `sae303_accident`
--
ALTER TABLE `sae303_accident`
  ADD CONSTRAINT `sae303_accident_ibfk_1` FOREIGN KEY (`com_id`) REFERENCES `sae303_commune` (`com_id`) ON DELETE CASCADE ON UPDATE CASCADE;

--
-- Constraints for table `sae303_lieu`
--
ALTER TABLE `sae303_lieu`
  ADD CONSTRAINT `sae303_lieu_ibfk_1` FOREIGN KEY (`Num_Acc`) REFERENCES `sae303_accident` (`Accident_Id`) ON DELETE CASCADE ON UPDATE CASCADE;

--
-- Constraints for table `sae303_usager`
--
ALTER TABLE `sae303_usager`
  ADD CONSTRAINT `sae303_usager_ibfk_1` FOREIGN KEY (`Num_Acc`) REFERENCES `sae303_accident` (`Accident_Id`) ON DELETE CASCADE ON UPDATE CASCADE;

--
-- Constraints for table `sae303_vehicule`
--
ALTER TABLE `sae303_vehicule`
  ADD CONSTRAINT `sae303_vehicule_ibfk_1` FOREIGN KEY (`Num_Acc`) REFERENCES `sae303_accident` (`Accident_Id`) ON DELETE CASCADE ON UPDATE CASCADE;
COMMIT;

/*!40101 SET CHARACTER_SET_CLIENT=@OLD_CHARACTER_SET_CLIENT */;
/*!40101 SET CHARACTER_SET_RESULTS=@OLD_CHARACTER_SET_RESULTS */;
/*!40101 SET COLLATION_CONNECTION=@OLD_COLLATION_CONNECTION */;
